328, -240, 17496
496, -160, 17432
192, -256, 17592
328, -176, 17664
144, -312, 17608
352, -304, 17576
296, -248, 17704
320, -360, 17608
416, -208, 17848
392, -256, 17624
384, -256, 17480
232, -304, 17736
400, -400, 17560
448, -216, 17968
448, -368, 17496
376, 24, 17944
472, -264, 17744
432, -104, 18056
344, -240, 17528
288, -160, 17520
408, -264, 17568
240, -400, 17728
192, -16, 17840
216, -280, 18336
336, -632, 17440
-600, -568, 17632
256, -192, 17056
344, -176, 17216
384, -40, 17760
320, -168, 17408
312, -544, 17368
128, -336, 17712
392, -328, 17936
440, -16, 17752
376, -328, 17336
1832, 704, 20024
-240, -16, 18360
456, -344, 17416
392, -32, 17608
384, -384, 17544
544, -560, 17584
416, -408, 17424
488, -120, 17472
368, -328, 17624
400, -288, 17624
440, -384, 17760
440, -424, 17832
296, -352, 17440
272, -280, 17600
432, -320, 17696
480, -104, 17704
280, -224, 17640
216, -392, 17296
400, -440, 17424
560, -224, 17736
384, -456, 17560
384, -328, 17576
360, -176, 17824
216, -432, 17888
400, -240, 17640
176, -344, 17416
376, -304, 17744
504, -336, 17608
440, -464, 17896
424, -392, 17648
464, -352, 17464
328, -312, 17512
224, -224, 17704
344, -328, 17768
480, -408, 17792
240, -368, 17624
600, -256, 17672
464, -256, 17544
336, -264, 17704
392, -168, 17776
408, -256, 17592
328, -232, 17688
544, -304, 17640
216, -368, 17688
472, -376, 17760
432, -216, 17536
456, -192, 17776
424, -288, 17856
368, -368, 17448
280, -432, 17912
320, -288, 17624
280, -336, 17720
448, -328, 17688
400, -200, 17536
208, -424, 17568
224, -440, 17744
392, -288, 17448
368, -128, 17808
544, -88, 17416
528, -240, 17712
320, -288, 17712
216, -288, 17664
256, -192, 17560
384, -72, 17832
496, -288, 17632
328, -464, 17624
264, -544, 17832
1000, -1112, 17552
936, 1064, 16512
-408, 336, 16896
-328, -1848, 16800
-792, -248, 18840
-24, -1464, 17120
720, 736, 18192
536, 104, 17232
632, 552, 19256
-32, -1528, 16320
696, 1560, 19968
616, -1104, 19616
-248, -496, 16640
-744, 1448, 17704
-640, -2064, 19464
328, 176, 18648
704, -48, 17560
-152, 1240, 16112
40, -496, 18912
560, 1264, 15656
840, 400, 20152
-848, 912, 16184
224, -1256, 15472
-1472, 16, 19136
-992, -768, 18408
1424, -1936, 16128
272, -2208, 14992
952, 536, 18488
776, -24, 18000
128, -1000, 16368
392, 640, 18112
624, 1224, 17784
848, 960, 19096
632, -240, 17344
480, 312, 17032
1072, 0, 17744
616, -536, 17824
432, -936, 17792
376, -576, 17696
288, -1064, 17632
48, -1584, 17576
568, -312, 17600
520, -384, 17704
592, -440, 17536
384, -400, 17848
8, -1432, 17512
-600, -1592, 17088
536, 1352, 19024
312, -432, 17384
-560, -1032, 16800
3512, 1320, 20224
1848, 896, 19848
416, -1016, 15688
1408, 1344, 18960
912, 1168, 18816
-1200, -648, 17192
720, -744, 17592
1600, -512, 17048
952, 2328, 17800
112, 1024, 18640
-104, -1232, 16656
664, 344, 19248
64, 1048, 18432
2112, -1072, 18072
2016, 1768, 21880
1568, -208, 17000
-552, -608, 18144
120, -1216, 16976
-888, -1624, 15920
240, 440, 20144
-208, 280, 15848
544, -1696, 18472
1368, -112, 17472
672, -2840, 17768
248, 144, 18520
344, -672, 16336
408, -904, 17968
224, 640, 18136
-472, -1920, 15648
-440, -712, 18432
-248, 728, 17136
-3272, -384, 17560
760, -1312, 17776
1448, 936, 20408
-472, -536, 16160
-696, -1520, 15672
112, -216, 19176
976, 320, 18320
-16, -168, 17296
24, -616, 17576
608, -88, 17912
-128, -600, 18368
1384, 640, 18984
56, -40, 17112
144, -560, 17448
1328, -904, 17616
-568, -752, 16408
-72, 696, 18288
832, 416, 17248
1144, -144, 16856
648, -480, 17840
224, -304, 17760
400, -288, 17768
200, 1088, 17984
112, -776, 17704
168, -8, 17600
-232, -528, 16912
-592, -1216, 15840
520, -888, 19008
-256, -176, 18064
552, -1160, 17704
-152, 440, 17824
40, -504, 17528
360, -192, 17240
200, 56, 17616
600, 1280, 19088
-184, 344, 17448
256, 896, 17424
808, 1440, 18248
952, 120, 17744
1560, -1720, 17216
1712, -496, 19608
-1552, -136, 17200
480, 648, 16768
-56, -232, 19224
-1064, -2008, 17952
1000, -624, 17672
768, 680, 17696
784, -200, 16888
1800, 2376, 19928
-1880, 80, 16144
-1184, -1400, 19816
464, -424, 17784
64, 128, 17704
152, 264, 16832
552, -400, 17056
808, -96, 17416
840, -240, 16920
-112, -472, 17048
-24, -1528, 17800
464, -1136, 17408
320, -776, 17880
216, -72, 17712
704, 520, 17672
912, 64, 17632
1064, 304, 18592
272, -1104, 17160
880, -288, 17560
272, -896, 17168
520, -856, 17392
1160, -168, 17440
488, -400, 18048
144, 80, 18240
672, 328, 17384
280, -256, 17984
232, -864, 16496
-176, -744, 17544
-112, -480, 17432
272, -176, 17712
312, -256, 17728
224, -24, 17568
184, 24, 18096
312, 160, 18128
384, -544, 18496
-1128, 56, 17200
-344, -720, 17744
768, -448, 16736
1296, 280, 18928
16, -200, 16912
752, -1016, 16528
-1192, -4880, 13448
32, -2432, 16160
264, -968, 17992
1560, 2376, 20504
472, 1024, 18080
328, -1968, 15808
1144, 176, 18256
-776, 1096, 19520
-88, 832, 17920
-160, -552, 17512
656, 72, 17528
392, -192, 17904
424, -128, 17520
504, -112, 17512
1008, 72, 17432
264, -248, 17264
120, -464, 17336
-720, -872, 17848
168, -1096, 17576
312, -360, 17792
544, -16, 17736
880, 80, 17544
480, -144, 17616
328, -288, 17472
288, -224, 17344
416, -208, 17368
328, -200, 17808
560, -88, 17800
272, -248, 17256
360, -288, 17416
352, -144, 17512
392, -24, 17832
240, -176, 17896
392, -192, 17720
376, -304, 17712
440, -224, 17464
320, -240, 17584
400, -200, 17656
296, -184, 17280
312, -176, 17392
256, -288, 17640
312, -216, 17520
248, -104, 17160
568, -144, 17360
400, -232, 18008
336, -320, 17608
424, -160, 17416
96, -208, 17584
296, -296, 17744
328, -200, 17512
392, -328, 17576
352, -168, 17552
352, -328, 17552
384, -280, 17552
416, -312, 17696
400, -112, 17688
320, -288, 17832
328, -280, 17472
344, -368, 17472
376, -128, 17688
256, -144, 17648
400, -208, 17320
336, -248, 17608
280, -192, 17480
424, -208, 17888
368, -264, 17944
424, -264, 17512
432, -288, 17704
272, -248, 17376
336, -208, 17568
280, -216, 17632
376, -224, 17728
152, -224, 17480
288, -320, 17856
328, -248, 17832
288, -168, 17696
256, -200, 17528
336, -312, 17808
336, -264, 17968
336, -208, 17560
392, -224, 17648
424, -328, 17608
376, -240, 17768
416, -288, 17568
464, -320, 17736
368, -176, 17608
416, -184, 17584
168, -280, 17784
344, -256, 17576
256, -280, 17576
312, -184, 17720
408, -160, 17736
184, -336, 17488
336, -288, 17456
472, -320, 17376
368, -288, 17728
336, -240, 17776
416, -192, 17712
320, -264, 17760
432, -192, 17608
440, -312, 17744
352, -248, 17624
296, -256, 17616
272, -288, 17704
208, -160, 17728
288, -176, 17640
408, -168, 17464
440, -216, 17792
456, -144, 17248
296, -144, 17664
152, -224, 17712
320, -320, 17584
536, -344, 17568
360, -176, 17768
360, -200, 17544
296, -200, 17560
376, -160, 17656
288, -320, 17760
448, -224, 17624
352, -152, 17592
424, -232, 17560
296, -232, 17640
264, -352, 17608
256, -256, 17688
408, -240, 17528
272, -312, 17816
312, -168, 17592
360, -88, 17728
424, -424, 17560
376, -312, 17688
240, -144, 17472
400, -240, 17776
256, -384, 18048
400, -296, 17808
352, -152, 17744
224, -392, 17440
392, -208, 17712
352, -200, 17728
160, -112, 17552
472, -376, 17824
312, -104, 17512
400, -176, 17536
416, -288, 17672
368, -176, 17672
352, -304, 17776
384, -360, 17584
328, -208, 17560
264, -288, 17752
464, -280, 17432
408, -248, 17624
448, -384, 17688
432, -408, 17752
432, -320, 17784
272, -128, 17744
392, -144, 17712
368, -352, 17704
360, -248, 17520
472, -296, 17872
464, -360, 17832
352, -160, 17600
232, -192, 17872
264, -320, 17528
248, -456, 17672
432, -168, 17648
456, -144, 17376
320, -192, 17520
328, -240, 17832
320, -408, 17600
320, -232, 17784
248, -296, 17616
224, -264, 17560
416, -152, 17440
432, -168, 17656
320, -152, 17704
392, -184, 17600
192, -144, 17696
368, -256, 17616
368, -216, 17600
336, -192, 17480
392, -328, 17632
248, -336, 17856
320, -152, 17392
200, -184, 17616
160, -192, 17568
216, -264, 17520
296, -408, 17904
432, -216, 17544
488, -176, 17800
328, -240, 17568
264, -208, 17416
248, -248, 17568
400, -152, 17896
240, -248, 17456
448, -112, 17448
480, -312, 17608
416, -312, 17400
328, -184, 17888
248, -336, 17616
360, -280, 17440
288, -200, 17712
408, -232, 17688
360, -200, 17712
256, -280, 17896
264, -192, 17688
320, -304, 17544
360, -304, 17696
336, -216, 17616
288, -320, 17672
504, -280, 17520
320, -160, 17576
312, -248, 17584
264, -312, 17672
264, -320, 17552
368, -80, 17408
384, -320, 17560
-640, -2008, 17616
1464, -1056, 19568
-1664, -1592, 16880
2144, 4224, 23328
-592, 2264, 16984
1368, -1088, 18104
1760, -208, 17568
648, -2912, 16976
-312, 264, 19480
-2184, 176, 18880
-920, -1728, 16560
1424, -520, 20088
-1344, -1624, 20376
-4408, 2048, 19248
3472, -1512, 15696
2928, 968, 22832
3992, -4760, 22880
-2872, -6608, 3088
17592, 19448, 32767
1608, 5856, 17624
432, -496, 24408
848, -2136, 18296
1936, -1944, 18632
312, -2144, 20520
-1248, -8336, 13200
2360, -3544, 19304
1064, -3752, 18008
784, -6200, 17744
-1152, -10872, 5408
1712, -2624, 22872
48, -5984, 18320
-736, -6904, 8904
-112, -7784, 17648
424, -10608, 15296
-1504, -9800, 15056
-760, -9480, 15280
64, -9448, 13272
840, -9032, 12968
3048, -10784, 15232
4280, -13720, 14200
2992, -14224, 13064
1592, -13984, 10072
-728, -15360, 9952
-2224, -15528, 7864
576, -14272, 8072
1704, -15264, 8192
1296, -15864, 7912
2808, -15288, 8256
3024, -15224, 8088
1200, -16048, 6824
1584, -16632, 6408
1816, -15712, 6336
272, -17392, 5016
-272, -16056, 5416
-720, -17192, 3272
-1376, -18064, 1464
-2384, -17432, 80
760, -12296, 3472
-1192, -15360, 104
-896, -15560, -1640
-664, -14664, -3016
-952, -15512, -4264
-976, -14176, -4664
-1688, -13552, -5792
-1592, -14520, -6648
-744, -12560, -7624
-176, -10080, -7624
696, -9048, -9144
184, -9504, -9576
-792, -9600, -11944
-1688, -9704, -13704
488, -8960, -17184
728, -4888, -12784
480, -4440, -12288
-120, -5288, -13312
-2088, -512, -16208
-1472, 1016, -17000
-1096, -1664, -14672
-776, -824, -13848
-1064, 856, -13600
-1688, 16, -14736
-376, 1600, -15768
904, 1456, -15640
48, 3384, -15736
-464, 4760, -15472
-192, 5464, -13320
-400, 7648, -11560
-1080, 8992, -13024
-2400, 8080, -13720
-576, 7552, -13576
1224, 8128, -10944
1696, 11712, -12568
1344, 9800, -10080
456, 7432, -7064
536, 10928, -8792
1600, 13216, -11312
-1392, 12864, -10064
2360, 11232, -10976
1512, 11568, -7824
520, 12104, -8288
1856, 12936, -8512
1136, 12328, -9464
1360, 14608, -8344
488, 15808, -12192
-1616, 15504, -14456
-832, 16240, -13448
8, 16336, -11536
360, 15216, -10096
8, 14488, -10696
-472, 14568, -11312
744, 12608, -11840
1680, 9960, -11720
1400, 9168, -11048
2728, 7992, -12848
1984, 8224, -11648
736, 6608, -12256
1512, 5784, -13240
1864, 3952, -14056
24, 4224, -15104
368, 5872, -14128
2056, 3192, -14872
2328, 1416, -15392
2088, 1336, -14456
-512, -600, -12376
-528, -1208, -13400
-576, -2840, -15136
1504, -2208, -13976
1088, -1688, -14384
-40, -3016, -13608
-264, -5968, -13704
-1336, -8848, -13920
-1728, -9264, -12064
-384, -9144, -15168
672, -7016, -12992
-40, -8968, -10176
-2792, -9944, -10496
-392, -14392, -10848
-576, -13672, -8688
80, -12024, -7200
-440, -12536, -7232
-1728, -16744, -7816
-1544, -19312, -7104
-640, -13560, -5592
-1184, -12864, -4216
-160, -16168, -2856
-608, -15968, -1496
-2456, -15976, -1864
-1832, -17992, 928
-952, -16752, 2400
-2224, -14000, 2648
-920, -17528, 6496
-2600, -15056, 5600
-1192, -15880, 7528
-1272, -15624, 8768
-1640, -14144, 8560
-2640, -13280, 9504
-1552, -13152, 10976
-2088, -14192, 13048
-1544, -14056, 14080
-1568, -13656, 11592
-2520, -11072, 11592
-2392, -11304, 12400
-2400, -11448, 12528
-2608, -12200, 13320
-2256, -12712, 13336
-2768, -13280, 11920
-3704, -13200, 11656
-4392, -13480, 10280
-2880, -12216, 10600
-3008, -11328, 11352
-2632, -12624, 11224
-3592, -12632, 11024
-4032, -13248, 11264
-4336, -15512, 11848
-4200, -15720, 10160
-4560, -13936, 7448
-4632, -14000, 6032
-3576, -15144, 5168
-5144, -15512, 3864
-5848, -16128, 2952
-6016, -16000, 2616
-5728, -15568, 2120
-5792, -14584, 2016
-5760, -15448, 768
-5736, -16096, -576
-6056, -14392, 160
-5224, -16016, -5296
-6248, -15512, -3688
-6352, -15376, -2744
-5272, -13408, -3472
-5256, -12096, -2448
-5336, -14712, -4128
-5736, -16040, -6008
-6344, -15016, -7456
-5128, -14208, -7392
-4008, -14224, -7344
-4840, -12224, -7808
-5488, -12272, -6992
-4176, -13864, -7664
-3528, -11720, -8568
-3432, -9296, -9200
-3136, -8792, -9048
-2912, -10848, -11456
-3192, -10904, -10880
-3080, -10464, -11168
-3648, -11600, -11320
-3488, -11048, -11608
-3736, -8808, -11352
-3632, -8688, -12856
-3208, -9864, -12792
-3040, -9808, -13024
-3720, -9160, -11808
-3912, -11848, -12624
-3304, -7800, -12000
-2496, -7752, -11280
-3208, -7960, -12616
-3528, -8392, -14088
-4200, -6968, -12824
-3560, -7016, -13264
-3112, -7112, -14704
-1768, -6032, -15232
-1056, -5360, -15160
-1736, -5120, -15136
-4656, -2872, -13592
-3448, -3272, -13416
-1728, -3920, -15720
-888, -2928, -16656
-1376, -2040, -15360
-3544, -1560, -14912
-3776, -152, -15200
-3232, -88, -14672
-2480, 344, -15480
-2240, -184, -15976
-2720, 824, -15624
-2720, 824, -14560
-3912, 2408, -13936
-3680, 2576, -13568
-3192, 2008, -14808
-2696, 3272, -14424
-2984, 3280, -15408
-3400, 3920, -14752
-3200, 4080, -14568
-3632, 4816, -14112
-3720, 5800, -14216
-3720, 6168, -15072
-3136, 6240, -15048
-3528, 6608, -13784
-4448, 6720, -11984
-3712, 6336, -12584
-3152, 6656, -12752
-3912, 8392, -13456
-3768, 9336, -13016
-4408, 9752, -12184
-4848, 9560, -8920
-4792, 9504, -10120
-4176, 10168, -11400
-4624, 12440, -10296
-5392, 12648, -9080
-5504, 11424, -8784
-4984, 11576, -9208
-4576, 12184, -9128
-5576, 13392, -9048
-5760, 14544, -7384
-4744, 12976, -7488
-5312, 12696, -6576
-5208, 13680, -6480
-5296, 13088, -6528
-5648, 12976, -6120
-5240, 12840, -4800
-4656, 13816, -5608
-5624, 15448, -5432
-5224, 17240, -4576
-4304, 13904, -5696
-4200, 13104, -4824
-5128, 14752, -2816
-4504, 15416, -2760
-4464, 15832, -2056
-4992, 15744, -2144
-4992, 15064, -1024
-5112, 14960, -1528
-4304, 15144, 208
-4408, 15616, 760
-3704, 16032, 800
-4752, 15760, 800
-3920, 15800, 1224
-4168, 14976, 2032
-3744, 15832, 1296
-4104, 15888, 2512
-4424, 15336, 3576
-4496, 15112, 3792
-4520, 15576, 3720
-4512, 15880, 3992
-4592, 15288, 4608
-4432, 15168, 4992
-3936, 14616, 5088
-3976, 14536, 6080
-5064, 14528, 6696
-4736, 14320, 6872
-3904, 14576, 6832
-4080, 14208, 7528
-4560, 13928, 8992
-3976, 13472, 8456
-4056, 14456, 9480
-3824, 14448, 10040
-4312, 13184, 9384
-3984, 12984, 9616
-3840, 13352, 11264
-4512, 12776, 10976
-3808, 13088, 11840
-4224, 12480, 11704
-3592, 11568, 11416
-2632, 11960, 12864
-2776, 11120, 12896
-3736, 10832, 12696
-3688, 11112, 12776
-3248, 11152, 13616
-2952, 10920, 13968
-3128, 10168, 13584
-2936, 10520, 14168
-2568, 10144, 14608
-2848, 9048, 13912
-2568, 8928, 14008
-2864, 8592, 14024
-2632, 8648, 15224
-2104, 8440, 15480
-2712, 8624, 15616
-2648, 8008, 15224
-2272, 7720, 15336
-2216, 7216, 16024
-2112, 6392, 15920
-1840, 6584, 15632
-2032, 6632, 15840
-2496, 6136, 15592
-2568, 5544, 15864
-1776, 4776, 16712
-2600, 5168, 17272
-2928, 4904, 17224
-2456, 3864, 16624
-2608, 3800, 15800
-2512, 3824, 17152
-3048, 3720, 16784
-2304, 3952, 16064
-1992, 4840, 18440
-3040, 5624, 18544
-2624, 6792, 18016
-2616, 6832, 16456
-2592, 7200, 15800
-3368, 7472, 15016
-3736, 7888, 13336
-2544, 7856, 12936
-4072, 9656, 12208
-5144, 11752, 11592
-4696, 13184, 12200
-5496, 14128, 11960
-6040, 13848, 9536
-7368, 13872, 8760
-7320, 14488, 7560
-6808, 14264, 7360
-6704, 13720, 7304
-7056, 13920, 6320
-6152, 13608, 5344
-7280, 13648, 4472
-9520, 13224, 4520
-9416, 12616, 5144
-9448, 12872, 5312
-10032, 12328, 3256
-9408, 12312, 2408
-8776, 13600, 1984
-9200, 12288, 1656
-9960, 9936, 4288
-8960, 14272, 2976
-8816, 12304, -1272
-8880, 12272, -144
-11000, 14216, 784
-11496, 12888, -2256
-10520, 10136, -2384
-12184, 10200, -2136
-10392, 13872, 1312
-10776, 11256, -1480
-10480, 10992, -3512
-11312, 11512, -3472
-12320, 11176, -4176
-10936, 11264, -2712
-10680, 11416, -776
-11104, 11584, -2080
-10232, 10688, -2528
-10144, 10088, -4256
-12216, 11776, -2144
-12256, 11448, -2288
-11056, 11080, -3392
-10744, 9984, -4064
-11768, 8848, -2640
-13928, 10184, -4344
-11008, 9648, -6272
-10272, 9008, -5320
-11520, 9960, -3688
-12096, 8736, -3008
-12616, 10424, -3048
-12440, 13224, -3776
-12592, 11464, -1344
-11656, 5992, -5888
-11072, 8192, -6568
-12656, 10840, -1816
-13560, 9848, -5672
-11280, 8176, -11280
-12704, 4096, -10144
-13560, 5536, -8128
-13040, 7264, -4728
-11824, 7232, -4792
-12000, 7720, -4184
-13064, 9416, -7440
-12360, 7288, -8496
-11200, 6880, -7872
-12664, 1952, -5288
-11208, 7968, -8032
-13544, 9192, -4744
-12912, 7328, -7304
-11328, 4104, -7064
-11528, 2584, -9392
-12928, 3088, -9712
-13136, 4888, -8192
-15112, 5320, -8672
-13192, 5328, -7256
-12536, 2912, -9056
-13544, 1992, -9640
-13632, 2816, -9040
-12432, 4096, -7848
-12416, 3776, -7784
-12496, 2880, -8696
-12424, 2272, -8472
-11488, 1040, -8424
-12840, 1888, -9368
-15008, 2664, -10216
-13488, 1512, -9664
-11880, 824, -9448
-11768, 1024, -9768
-11040, 56, -9992
-10832, -1208, -10520
-12152, -384, -10960
-11712, -1288, -11256
-11232, -3176, -10832
-11248, -2896, -10632
-12216, -808, -10968
-11160, -872, -10280
-10008, -2080, -9824
-11024, -2560, -10376
-11592, -2256, -9728
-11184, -2528, -9632
-12680, -2000, -12664
-13248, -2680, -12024
-11824, -4800, -9640
-8984, -7240, -9792
-8808, -6760, -9432
-11080, -5120, -10056
-11720, -4064, -9256
-10872, -5336, -9744
-9936, -5184, -9400
-10016, -6696, -9680
-9832, -6960, -10808
-9520, -7408, -11232
-8688, -8008, -10144
-10032, -7440, -10688
-10424, -6624, -8472
-9576, -8128, -9192
-9424, -9048, -9840
-11560, -8600, -9104
-9224, -9840, -9504
-9192, -10328, -9360
-9504, -9232, -9440
-10480, -9368, -8288
-8112, -10480, -5216
-7712, -12504, -7144
-7088, -10752, -6664
-8232, -10336, -6152
-8432, -10928, -6296
-7728, -10648, -6064
-7688, -11056, -4928
-8368, -12856, -6304
-8112, -15672, -7792
-8160, -14656, -6816
-7912, -12256, -4088
-8936, -12360, -4248
-8384, -12920, -4360
-7120, -14184, -4440
-7880, -13808, -3408
-8336, -13736, -2768
-8328, -13632, -2056
-7440, -12528, -2104
-7400, -12528, -1824
-7448, -14152, -1576
-7392, -13088, 2488
-7464, -13928, 552
-7272, -17424, 3520
-7840, -9512, 4560
-7688, -13008, 3952
-8144, -14776, 4224
-8192, -17000, 4416
-7896, -16240, 5016
-8064, -12608, 5976
-6680, -11912, 6800
-7464, -12360, 6432
-7872, -13912, 5904
-7728, -14080, 6192
-7144, -14136, 6976
-7584, -12464, 8712
-6840, -11984, 8304
-6656, -12712, 9224
-7152, -12888, 9048
-6896, -12112, 10272
-6400, -10904, 10456
-7328, -11152, 10768
-7576, -11488, 11152
-5904, -10384, 11048
-4400, -9920, 10864
-6536, -10424, 11864
-7904, -11672, 12664
-6680, -10520, 13056
-6840, -9544, 12800
-6632, -9928, 12536
-5720, -9096, 12784
-5672, -8160, 12840
-6176, -7456, 13504
-7048, -7736, 14064
-6176, -7944, 14584
-4872, -7176, 14600
-5504, -6440, 13880
-6344, -6584, 14480
-5328, -6440, 14568
-7048, -8024, 14880
-7352, -8480, 15368
-6280, -7480, 15208
-6064, -6880, 15272
-7624, -5024, 14856
-6264, -6560, 14616
-6808, -8504, 15800
-7864, -8320, 14320
-6616, -7320, 12776
-6848, -7688, 12752
-7824, -7472, 12464
-7432, -8768, 14264
-6416, -8840, 16120
-8920, -6496, 13880
-7456, -7408, 13816
-6432, -8776, 12280
-6280, -7976, 11296
-9424, -7544, 12248
-10648, -5568, 6888
-8128, -9240, 13048
-6960, -10016, 11464
-7304, -9896, 10568
-9504, -13488, 14856
-8408, -9456, 9592
-9312, -9440, 9984
-9872, -10448, 8936
-8960, -10880, 9000
-8416, -10944, 7608
-8200, -13320, 7128
-9392, -13352, 5792
-10184, -11632, 5616
-11728, -10656, 5216
-10200, -13720, 5088
-8976, -13016, 5016
-9512, -11736, 4536
-10784, -12000, 3808
-11680, -10864, 3632
-11240, -11496, 3472
-9816, -10944, 3464
-9920, -12040, 3048
-10736, -12064, 2744
-11512, -10824, 2392
-12736, -9816, 2280
-11816, -10520, 2008
-10040, -11504, 608
-10256, -9824, 936
-12184, -10992, -496
-12336, -10960, -768
-12288, -10680, -1536
-12168, -11256, -2224
-11824, -10784, -1840
-12136, -10688, -1568
-12960, -10160, -2448
-11784, -9504, -2928
-13008, -10976, -2800
-13840, -9888, -2664
-13608, -9696, -3064
-12720, -10032, -3120
-12736, -9256, -2304
-13328, -8344, -2256
-13056, -9520, -3560
-12200, -8320, -1552
-12440, -6888, -2032
-14528, -6136, -3488
-14616, -7088, -5240
-13616, -7176, -3600
-13880, -7584, -2896
-13984, -7104, -3088
-13168, -7104, -2808
-13336, -6848, -3432
-14704, -5256, -3792
-14264, -4400, -4000
-13680, -5312, -5016
-14240, -4608, -4280
-15024, -4440, -4336
-14744, -5688, -5392
-15024, -5448, -5936
-14192, -4464, -4784
-14064, -3608, -4960
-14384, -3952, -5112
-14608, -4784, -5352
-15232, -4056, -5296
-16032, -3048, -4936
-15512, -2768, -4600
-14776, -2608, -4104
-14896, -2784, -4560
-15424, -1352, -5024
-15608, 488, -5688
-13880, -5648, -6952
-15152, -1456, -6392
-14232, -840, -5464
-13824, -560, -4560
-13864, 1056, -5040
-14760, 1464, -5264
-13392, 2776, -3848
-14536, 376, -6408
-15360, 704, -6184
-15552, 2344, -4712
-18296, 7144, 2312
-13584, 1056, -5688
-14456, 1648, -6288
-16736, 3232, -6328
-14456, 2880, -4976
-14064, 2008, -5408
-16016, 4704, -4968
-16256, 4648, -4656
-15064, 5528, -3392
-14784, 5760, -3264
-15200, 5728, -4024
-14216, 5416, -2744
-14032, 4888, -4408
-14680, 4664, -5016
-14344, 5456, -3864
-13856, 5992, -2984
-14424, 6624, -2800
-14592, 7224, -2080
-14432, 6640, -2496
-13936, 6304, -3032
-15424, 7416, -1712
-15336, 8352, -1976
-15536, 7640, -2384
-14496, 9384, -1632
-12728, 9424, -1480
-11696, 6496, -1864
-9616, 3088, -784
-13392, 9016, -2520
-14320, 9320, -1696
-14600, 8192, -760
-13056, 8936, -1184
-12608, 8808, -1320
-14064, 9040, -1736
-15288, 9648, -1640
-14160, 9568, -1344
-14088, 9608, -520
-14032, 8856, -304
-14272, 4664, 3240
-13600, 9920, 328
-13504, 9272, -760
-12248, 8720, -1296
-11584, 9344, 40
-12176, 9920, -208
-12328, 9968, 56
-12736, 11288, 504
-12864, 10584, 1192
-13144, 10384, -792
-13064, 10616, 2128
-11584, 10344, 2200
-11024, 10072, 1800
-11728, 11320, 1216
-12408, 11824, 1568
-12208, 11240, 2328
-11352, 11336, 4704
-11568, 10304, 3720
-11776, 11200, 3376
-10360, 11704, 3112
-10168, 12152, 4000
-10088, 11800, 4408
-10848, 12064, 5696
-10448, 10976, 5632
-10528, 10896, 5096
-9472, 11208, 5688
-8944, 11136, 6024
-9400, 11168, 5736
-10104, 12256, 7216
-9792, 12552, 7448
-9680, 11000, 7400
-9168, 11152, 7304
-7864, 12848, 11944
-9512, 10664, 8248
-10344, 11736, 9232
-10072, 11656, 10456
-9976, 10704, 9200
-8608, 9672, 9456
-8712, 9720, 9152
-9552, 9904, 9632
-8360, 10376, 10864
-7944, 10072, 11992
-8720, 9080, 11408
-8656, 8936, 11408
-8896, 8456, 11656
-8576, 8752, 12080
-7664, 8288, 11592
-7744, 8488, 13200
-8320, 8176, 13368
-8128, 7328, 12752
-7632, 7704, 13440
-7576, 7664, 13664
-7744, 7112, 13240
-7904, 6304, 14744
-7936, 6256, 14968
-6648, 5392, 15264
-6688, 5224, 14352
-6856, 4992, 14992
-7056, 4312, 15216
-7272, 4840, 15624
-7496, 5520, 15032
-7552, 5416, 14472
-6784, 5552, 15488
-6480, 7944, 14744
-7032, 6952, 14776
-5912, 8712, 13640
-6272, 8936, 14456
-8176, 8096, 13400
-8384, 7840, 11696
-8768, 8072, 11480
-7784, 10024, 10984
-7088, 10504, 11160
-7456, 10008, 9800
-10064, 11360, 8064
-9592, 12096, 8272
-9176, 12048, 8240
-9816, 12864, 7080
-10072, 12448, 7384
-10840, 11888, 6880
-10840, 10608, 6008
-10536, 9432, 4576
-10056, 11384, 4768
-9776, 12856, 3976
-11776, 12448, 4136
-11640, 12472, 3544
-11400, 11528, 3360
-11520, 11416, 2400
-10784, 11080, 1360
-9944, 11816, 1144
-10688, 13352, 360
-12112, 12296, 1920
-11088, 11128, 2360
-11520, 10464, 360
-11480, 11320, 24
-11976, 10688, -16
-11880, 8584, 408
-11904, 8304, -1784
-12008, 9064, -3112
-12544, 10912, -3304
-12592, 9376, -2112
-13944, 8760, -1512
-13792, 8040, -1888
-13640, 5088, -3552
-14336, 5200, -4152
-16016, 7888, -5480
-12624, 8696, -6040
-11808, 7640, -5072
-13600, 4680, -2728
-14984, 3112, -2192
-15504, 3536, -2216
-15352, 6056, -2144
-15080, 5328, -4264
-12848, 7080, -4696
-13064, 5360, -5928
-15448, 4720, -5640
-15568, 4536, -4376
-13480, 4456, -4392
-15104, 544, -4168
-14680, 2488, -384
-13456, 5192, -2272
-14032, 4976, -2208
-14520, 3472, -5912
-14824, 7080, -552
-15600, 11328, 5232
-16072, 5552, -2816
-17072, -1448, -8352
-16872, -952, -6144
-14792, 2392, -4312
-13952, 4008, -3456
-14848, 2184, -3832
-16376, 2576, -4240
-16688, 5136, 104
-14984, 2392, -2440
-15280, 104, -4352
-15664, -440, -4328
-13032, 2024, -2192
-13872, 3464, -1176
-16688, 1880, -2264
-18832, 1752, -2352
-17640, 1952, -2232
-15232, 1728, -1544
-16528, 1376, -1632
-16864, 880, -1808
-15064, 680, -1344
-15544, 1160, -1208
-17552, 1456, -760
-17752, 1280, -1000
-15752, 912, -456
-16824, 1224, -416
-16232, 1480, 304
-14984, 728, 272
-14960, 864, 576
-15792, 1776, 1024
-14064, -8, -16
-14864, 392, 1040
-16208, 2104, 1136
-16664, 1304, 608
-17160, 1864, 1408
-15768, 864, 1152
-18976, -2000, -2224
-17584, -3136, -1280
-15648, -2072, -2168
-16160, -544, -1056
-16624, -360, -1912
-16720, -424, -976
-16120, -376, -368
-15968, -296, -848
-14072, -1136, -1424
-16328, 816, -432
-16384, 1152, -144
-15792, 720, 96
-15544, -200, -872
-14848, -424, -504
-16912, 568, -312
-16520, -1040, -1768
-17192, -440, -1712
-16096, 1280, -1192
-16792, 1560, -664
-16728, 120, -1168
-16928, -864, -1240
-16104, 224, -1488
-15696, 552, -792
-15384, 1352, -328
-15256, 2088, 952
-14864, 2640, -968
-15824, 1736, -2056
-16944, 680, -1832
-16024, -248, -1704
-15792, 752, -200
-17080, 2208, 760
-17520, 1936, 432
-17584, 1448, -440
-16128, 1448, -728
-15160, 2984, -872
-15216, 3808, -704
-15168, 2712, -1536
-14792, 1512, -1464
-14968, 736, -2120
-15112, -264, -3352
-15824, 1392, -2664
-15976, 2528, -1640
-15288, 2408, -1056
-14736, 3040, -1088
-16768, 944, -2304
-16912, -552, -3344
-16632, 8, -2264
-17160, 2504, -576
-16880, 3208, -504
-14464, 1376, -2440
-14152, 1184, -3696
-15264, 1656, -4496
-15768, 464, -4688
-15968, 672, -4000
-16576, 1840, -2144
-15256, 1544, -1328
-14968, 736, -1768
-15704, 896, -1368
-16400, 888, -1032
-16488, 288, -1368
-16224, 192, -1960
-15928, 1304, -1776
-13728, 2912, -1456
-13336, -456, -4416
-15912, 824, -3728
-15944, 1440, -2712
-15944, 648, -2048
-15208, -128, -1360
-15440, 192, -1216
-15760, -104, -1032
-15648, 1272, -16
-16008, -208, -512
-15424, -72, -1368
-14976, 712, -3528
-16568, 1168, -5400
-16624, -368, -6760
-16584, 192, -5400
-17320, 232, -3648
-16904, -1240, -1824
-15752, -1768, -624
-14888, -856, 1328
-15152, 8, 688
-16672, 296, -672
-16880, 352, -2000
-16480, 800, -2768
-16304, 88, -3648
-16560, -80, -3008
-16088, 472, -3280
-14496, 88, -3408
-14864, -552, -3744
-16568, -1176, -3648
-16496, -728, -3264
-15728, -440, -2256
-15560, -224, -1728
-15480, -264, -2064
-15200, -640, -2528
-15032, -760, -1784
-16112, -632, -1984
-16520, -368, -2000
-16096, 256, -2432
-15856, 960, -2040
-15824, 1176, -2000
-15264, 224, -2040
-14688, -1304, -1608
-18352, 3800, 3104
-16152, -1592, -1872
-15624, 336, 1640
-15640, 200, 3600
-16488, 1400, -944
-16184, 752, -3960
-15472, 16, -2360
-16584, -872, -1368
-16104, -256, -1600
-15168, -512, -664
-16304, -1104, -728
-16624, -56, 720
-16096, 520, -640
-15048, -608, -944
-15856, -208, -416
-15480, -104, -1536
-16120, 160, -392
-16616, 312, 312
-16976, -512, -240
-15960, 1128, -784
-16200, -896, -488
-16320, -336, 584
-15536, -1352, -1008
-17304, -576, -1040
-17328, 544, -840
-16240, 1440, -760
-16744, 1624, -456
-15320, 696, -200
-15272, -464, -568
-16432, -24, -112
-16912, 496, -144
-16384, 184, -792
-16152, -1144, -40
-17160, -3568, 1056
-18672, -3128, 1280
-16408, 1152, 104
-14232, 1344, -840
-15280, 928, -176
-16856, -168, 1040
-16856, -2272, 1456
-15896, -2312, 928
-16216, 528, 784
-15592, 1760, 664
-15496, 1008, 1032
-15424, -848, 976
-15712, -1880, 1112
-17208, -2432, 1560
-17136, -2376, 1912
-15360, 224, 608
-15144, 1560, 368
-14344, -16, 816
-14632, -3272, 1664
-16976, -4712, 2920
-17336, -3648, 2640
-16408, 24, 1720
-15176, 1984, 1024
-14544, 1984, 288
-15232, 312, 88
-19200, -1384, 88
-17976, -3432, -624
-17304, -1720, 184
-16528, 48, 1192
-15712, 984, 936
-15320, 48, 1936
-16688, -1096, 1520
-16568, -512, 1360
-17088, 2320, 56
-15600, 2544, -152
-15512, 928, 512
-15056, 1744, 1320
-16560, 2688, 1544
-16120, 336, 1488
-15688, -2040, 1504
-16520, -3632, 2336
-16608, -3136, 1192
-16592, 72, 440
-15048, 1712, 1080
-15368, 1744, 456
-16256, 1344, 1552
-16696, -608, 1496
-16856, -784, 328
-16424, -1184, -680
-16792, -888, 72
-16800, -304, 2192
-16720, 1272, 1768
-15048, -328, 1952
-16000, -2128, 1472
-16656, -2480, -824
-16304, -3016, -2336
-14944, -1344, -1696
-14560, -6928, 5104
-16080, -464, 1832
-16008, 632, 1328
-16896, -984, 184
-16256, -2840, -1608
-15680, -3320, -792
-16176, -1784, 2192
-15112, 6272, -3616
-16704, -1856, -824
-16040, -4712, 2176
-17392, -5280, 4800
-16648, -480, 56
-16040, -1424, -696
-15624, -1656, -1296
-16056, -1912, -392
-15168, -744, 1768
-16600, 1784, 2624
-18800, -2152, -952
-17400, -1056, -752
-14952, -1872, 0
-15576, -1824, 1104
-15584, -1000, 1728
-15944, -808, 1344
-15728, -1008, 1032
-15776, -2312, 1152
-15136, -2016, 1664
-16296, -1608, 1152
-14864, -2704, 1136
-14256, -1840, 1056
-15648, -1936, 2904
-16056, -1032, 2088
-16248, -1320, 1744
-16320, -1304, 1232
-15208, -1264, 1808
-15680, -1680, 1928
-16576, -1992, 2608
-16904, -1776, 1840
-16560, -2240, 1464
-16640, -2560, 1984
-15896, -624, 2080
-15952, 208, 2296
-15584, -1368, 1544
-16440, -2208, 256
-16600, -2128, 432
-17160, -2448, 496
-17080, -1728, 960
-16024, -200, 1200
-15448, -2952, 1168
-15976, -3264, -64
-16200, -3688, -256
-16760, -2544, -312
-16760, -3000, -96
-15608, -2512, 784
-15760, -2128, 1528
-16680, -2984, 376
-17408, -3392, 128
-16072, -3232, -1624
-14856, -2656, -2048
-16096, -4352, -2000
-16008, -3440, -1408
-14392, -1944, -1984
-13936, -3272, 336
-15264, -1816, 440
-15808, -5120, -4232
-15712, -6040, -4928
-15624, -4800, -2304
-15408, -3072, -2160
-14592, -2768, -3432
-14096, -3032, -2448
-14120, -3960, -560
-14520, -3920, -2056
-15240, -4120, -4312
-16088, -5088, -4336
-16376, -5104, -3776
-15360, -3032, -3328
-13808, -1224, -1880
-13648, -1072, -4152
-15776, -7416, -4224
-14648, -4208, -4864
-14480, -2760, -4048
-15064, -2496, -4984
-16192, -2000, -5112
-14776, -3368, -4672
-14024, -3296, -4168
-14016, -3624, -3832
-15040, -3760, -6688
-15584, -4928, -5296
-14504, -3352, -8344
-14992, -3648, -4664
-14264, -2792, -5088
-13856, -2712, -5104
-14536, -2768, -3632
-15536, -3872, -4288
-15352, -3208, -6240
-14408, -2376, -8120
-13768, -1464, -6536
-13528, -1688, -7056
-13920, -1672, -5528
-14368, -2416, -7224
-13992, -2656, -8016
-14088, -2056, -7256
-13592, -1200, -7000
-14216, -392, -6072
-12720, -416, -7872
-14080, -1328, -7368
-15000, -2024, -6464
-14096, -576, -6832
-14592, -1016, -6928
-14392, -288, -6712
-14616, 448, -7496
-13648, 808, -7624
-13696, 1408, -7216
-13752, 768, -6496
-14168, 912, -7896
-13992, 1368, -7312
-13952, 2896, -8280
-14328, 2864, -8520
-13544, 2544, -7248
-14168, 2128, -7488
-13456, 2944, -6840
-13600, 3584, -6904
-12928, 4376, -6656
-12568, 5000, -5392
-13072, 4344, -4208
-13400, 5352, -3608
-13488, 5072, -5472
-14768, 5304, -7768
-14208, 4456, -6056
-15024, 5096, -7376
-13584, 6072, -6800
-12160, 6664, -6248
-11912, 6848, -5152
-10512, 8488, -6624
-11696, 9976, -10048
-11520, 8840, -8536
-10328, 7584, -6112
-10128, 8688, -5936
-10288, 9056, -5976
-10688, 9344, -7952
-10488, 9496, -7480
-9000, 10248, -7064
-7792, 11280, -5976
-9960, 11816, -5376
-9792, 11160, -6624
-8768, 12000, -5744
-8072, 12112, -4952
-7912, 12824, -4960
-7904, 13128, -4464
-7424, 12792, -3968
-5648, 13648, -2440
-6024, 14840, -3608
-5056, 15432, -3016
-5600, 15560, -3624
-6112, 15376, -3608
-5736, 14480, -1760
-4936, 14512, -1712
-4216, 16696, -2792
-3464, 17216, -2056
-4080, 16120, -1216
-3032, 17472, 3080
-4128, 15960, -400
-4240, 15832, -1144
-2784, 16616, -968
-3120, 17024, 224
-3416, 15440, 1024
-3176, 15768, 264
-2592, 16184, 440
-2392, 16200, 576
-2376, 15520, 928
-1648, 16928, 224
-1920, 16736, 496
-1696, 16984, 1704
-1576, 16224, 1992
-1384, 16656, 1824
-2008, 16264, 1480
-2352, 16376, 1056
-2248, 16744, 872
-2272, 16792, 1400
-2288, 16936, 1432
-1920, 17112, 704
-2240, 16832, 40
-2624, 16560, 512
-3064, 16304, -96
-3312, 16128, -768
-3760, 15376, -72
-3424, 15840, -688
-2552, 16712, -1480
-2872, 16480, -1344
-4048, 15032, -1400
-4856, 15808, -2280
-3896, 16656, -3384
-3584, 15872, -2904
-4664, 14768, -2912
-5264, 14640, -3336
-4912, 15128, -3520
-4168, 15224, -3520
-4344, 15648, -4736
-4976, 15112, -4896
-5440, 13576, -4744
-5480, 13328, -4592
-5680, 13488, -5608
-5136, 14064, -5560
-4608, 13880, -4936
-5096, 13544, -5568
-5496, 13088, -5800
-5928, 12552, -6176
-6080, 13208, -6536
-6136, 13024, -6176
-6848, 12192, -7888
-6680, 12688, -8928
-6304, 12424, -7920
-5872, 12592, -7672
-5696, 12328, -8640
-6480, 11448, -8824
-6400, 11272, -9200
-7760, 10432, -9600
-7040, 10064, -9592
-7144, 10048, -10312
-7264, 10136, -10464
-7624, 9328, -10304
-7336, 8792, -9504
-8152, 7752, -9392
-7288, 8512, -9672
-8520, 7568, -11368
-8456, 7008, -10408
-8440, 6776, -10776
-7896, 7048, -10744
-8088, 5272, -11144
-7008, 5360, -9896
-8736, 5488, -9856
-9336, 4976, -12184
-8160, 4928, -12864
-8088, 4960, -13064
-8408, 3664, -12608
-9288, 2256, -13192
-8088, 1816, -12112
-7920, 2200, -11880
-9152, 1280, -12912
-8904, 1224, -13456
-9136, 400, -14128
-9456, -368, -13360
-9064, -1232, -13320
-8840, -848, -11512
-8792, -1200, -10952
-9128, -2320, -10896
-10224, -2216, -15440
-10056, -3480, -12384
-10000, -3304, -10144
-9824, -3056, -11480
-9712, -3144, -11288
-9544, -3328, -10736
-9976, -4592, -10592
-10024, -5160, -10672
-9608, -5024, -10560
-10480, -4728, -10520
-9528, -4288, -11304
-9264, -5240, -11368
-9568, -6864, -11000
-10256, -6144, -10648
-9504, -6360, -9048
-9616, -4416, -12648
-9368, -6080, -11456
-9184, -6504, -9840
-9168, -5560, -10784
-9768, -7352, -12072
-9176, -7152, -9768
-8976, -6648, -10160
-8872, -6792, -10880
-11912, -8120, -12136
-11216, -9248, -9000
-8960, -8640, -9064
-8552, -8040, -9576
-8304, -8800, -10408
-8864, -9904, -10800
-8728, -9560, -8568
-8160, -9464, -8208
-8176, -10712, -8944
-8688, -9872, -8696
-7696, -10456, -8504
-7776, -9960, -8216
-7960, -11992, -7840
-7976, -12064, -8360
-7560, -12432, -7480
-8008, -10976, -5400
-2936, -13192, -8608
-7088, -12576, -6784
-6816, -12432, -6288
-8128, -14680, -6424
-8672, -15400, -7480
-7568, -15048, -6984
-6576, -13048, -4328
-6472, -12808, -3928
-5480, -12696, -4488
-5440, -14088, -3864
-6096, -15288, -2520
-7544, -15120, -1424
-7824, -14840, -2008
-7600, -14680, -2648
-6456, -14656, -3128
-4656, -13944, -1664
-5000, -14800, -816
-5992, -15160, -688
-5232, -14600, -600
-5272, -15048, -72
-6360, -14312, 752
-6648, -14664, 2704
-5328, -12440, 2816
-5920, -15512, 1760
-5896, -15928, 872
-5168, -15192, 2712
-4960, -14920, 3984
-12528, -13824, 7736
-8048, -16752, 4168
-4336, -14520, 5232
-4112, -13880, 5448
-3736, -14848, 6520
-4376, -15432, 7056
-4352, -15040, 6872
-3720, -14616, 7872
-3504, -14504, 7432
-4208, -14552, 6896
-3488, -14256, 7584
-3856, -14816, 8864
-4648, -14376, 8744
-3168, -14000, 7440
-3664, -13440, 8176
-2928, -13912, 9576
-3120, -13848, 9040
-3656, -13560, 9360
-3744, -12896, 9848
-1920, -10720, 6880
-3080, -15752, 10888
-2320, -13328, 11408
-2488, -11968, 10368
-3784, -13144, 11536
-3416, -12584, 11256
-2504, -12640, 11312
-1376, -12824, 11416
-1688, -12488, 12496
-2496, -11656, 13376
-2000, -11296, 13072
-2168, -11240, 12728
-2440, -11968, 13664
-1688, -12176, 13528
-1488, -10472, 13776
-1664, -10320, 14304
-1864, -9840, 13792
-2816, -9200, 13296
-1696, -9568, 14320
-2080, -9256, 15760
-3008, -8472, 16176
-2400, -7136, 16144
-2112, -7320, 15328
-2528, -6976, 15408
-1680, -7808, 16232
-904, -7648, 15568
-1600, -6792, 15480
-1768, -6944, 16488
-1792, -6432, 17520
-1328, -5888, 16824
-2024, -4992, 16528
-1224, -5016, 15904
-2280, -5176, 17536
-488, -2992, 16984
-2040, -4024, 16632
-1880, -3360, 16096
-1968, -2576, 17184
-1808, -296, 18368
-2752, -3592, 17008
-2408, -2352, 16424
-1416, -1696, 16544
-664, -1168, 18736
-256, 40, 18208
-672, 224, 17488
-1856, -464, 15744
-1712, 1872, 15936
-968, 1056, 16712
56, -1064, 16912
-336, -264, 17080
1352, 2304, 18512
1496, 7720, 17320
-1472, 1736, 16592
-1160, 608, 17720
1840, 200, 19976
-2568, 1128, 19536
-1176, 3480, 18488
96, 4368, 17768
-240, 1832, 18440
424, 1568, 16344
-920, 3440, 15584
736, 2640, 16576
400, 3048, 16376
168, 3960, 17072
144, 5560, 15160
1056, 6168, 18856
1656, 4456, 18792
1216, 5456, 17848
1136, 5528, 15168
208, 6736, 14936
472, 6384, 15056
696, 6424, 15336
368, 8552, 16600
1472, 6920, 16288
1384, 8368, 16632
616, 9264, 16344
992, 5640, 15200
8, 3944, 14744
240, 5680, 16528
1552, 6224, 16784
408, 6352, 16192
536, 8320, 14664
-904, 8640, 13384
-992, 8384, 14552
864, 7328, 15592
792, 8216, 18120
1440, 8288, 16616
1112, 7688, 17224
1032, 8912, 15672
592, 8288, 14704
-664, 7448, 15248
-1336, 5856, 18672
-2432, 3144, 21088
-584, 520, 19976
432, 3288, 18224
864, 6448, 16704
1016, 10032, 15152
1416, 9312, 14096
2360, 6184, 13848
1664, 4464, 15736
1464, 5248, 16912
1280, 6088, 17136
1248, 5904, 17056
1040, 4280, 15408
320, 2216, 12640
-792, 1088, 14168
-944, 2984, 19184
-1744, 3000, 22280
-2272, 2184, 21288
-1648, 312, 17488
-2216, -976, 14136
-2400, -2168, 14576
-2072, -2176, 17736
-2088, -896, 21848
-1672, 1400, 20840
-856, 2608, 17032
-1232, 1696, 14728
-384, -1200, 15120
-1168, -4032, 15568
-856, -3128, 17648
-872, -1040, 18624
-2024, 16, 19120
-2088, -152, 18152
-1792, -744, 16720
-1376, -1624, 16160
-1512, -2624, 16784
-896, -1560, 17472
-1976, 232, 16784
-1168, -360, 16384
-1688, -680, 16488
-3168, -1888, 17600
-3656, -3320, 19720
-4936, -4264, 18816
-3640, -3912, 16272
-920, -5024, 13256
-2808, -5952, 13840
-3616, -5752, 16096
-3616, -5800, 20048
-4736, -6776, 19896
-3856, -5392, 20504
-3728, -5776, 17872
-3488, -6800, 15304
-2592, -7344, 14968
-2424, -7888, 15144
-3032, -7704, 16648
-2712, -8496, 16576
-3160, -8112, 14688
-1592, -8472, 13440
-1576, -8880, 12656
-1752, -9704, 14504
-1792, -10152, 15624
-1408, -9992, 16352
-1280, -9976, 14600
-1304, -10952, 11528
0, -12040, 9512
-496, -8352, 11208
-1024, -7384, 12128
-1208, -8840, 13024
-3568, -13488, 12400
-3584, -14936, 12088
-2728, -15496, 8664
-2984, -11392, 9304
-4104, -7944, 10392
-3216, -5960, 11000
-2360, -9256, 14840
-5352, -12224, 14904
-6056, -13736, 12656
-6680, -14904, 8792
-7296, -10736, 8936
-8208, -2136, 12464
-8464, -464, 13848
-5928, -7712, 15024
-8496, -12968, 18592
-8816, -12096, 19264
-7528, -10464, 17072
-7880, -4360, 12784
-7912, -904, 10936
-7024, -1504, 13168
-6872, -1504, 18104
-6696, -1312, 18304
-7056, -1960, 16384
-7088, 568, 16496
-7232, 1056, 14848
-7016, 1016, 13336
-6288, 496, 14416
-6880, 1152, 19736
-6544, 3144, 20592
-5976, 3576, 16384
-6232, 2872, 13424
-6320, 4152, 15584
-5712, 2936, 17520
-5664, 1600, 18360
-6112, 1744, 17488
-5104, 3512, 16040
-4432, 7088, 16032
-4424, 6952, 15216
-3424, 7016, 15112
-3496, 5792, 12336
-2920, 5848, 12872
-6328, 5536, 23928
-4208, 7360, 18392
-4656, 12024, 16936
-2864, 4840, 11720
-2624, 8072, 15400
-2440, 8472, 15432
-2368, 8400, 15208
-1784, 6768, 14928
-896, 7560, 15744
-1272, 9576, 14984
-1016, 9408, 14544
-136, 9208, 13488
-2280, 7528, 12536
1016, 10016, 14504
-904, 11336, 16168
928, 9264, 14304
-424, 8424, 13096
-1064, 10392, 12584
-1056, 12376, 14504
-1496, 10120, 12360
-104, 9632, 12200
3240, 12888, 13920
152, 13216, 14312
-2496, 13920, 11552
-3560, 12800, 11664
-1752, 12472, 11336
-368, 12104, 10856
-1864, 13000, 10200
464, 9608, 11256
616, 12576, 12056
-136, 13816, 10480
-456, 14016, 10528
-56, 14888, 9904
248, 16008, 9960
-888, 15976, 8792
-1808, 12376, 8520
-1384, 13264, 10296
-1992, 11920, 8448
-1976, 14856, 8888
-2208, 15368, 7728
312, 15280, 7336
-1528, 13896, 7656
-2016, 16048, 6808
-2456, 16504, 6632
-3080, 16800, 7064
-2216, 15888, 4928
-2512, 16544, 5424
-1896, 14376, 5120
-2088, 13968, 4520
-2136, 13792, 3680
-2488, 12760, 3256
-2896, 15080, 3376
-2728, 15032, 2656
-2672, 15672, 2168
-2744, 16944, 2128
-2912, 17000, 1208
-4136, 15328, 48
-3400, 16360, 256
-2616, 16248, 2152
-2992, 16784, 1176
-3112, 15800, 1576
-2760, 15272, 1840
-2872, 16232, 1336
-2792, 15168, 1160
-2456, 15424, 616
-2800, 15104, 184
-2440, 15808, 1008
-2696, 15968, 1384
-3088, 16776, 1344
-3424, 16784, 1104
-3216, 16496, 2120
-3264, 15816, 3008
-3968, 15344, 2008
-2904, 15672, 2656
-3080, 15400, 3632
-3256, 15376, 3984
-2824, 13832, 3160
-3208, 15336, 3984
-3368, 18264, 6016
-4240, 16728, 4896
-3672, 14976, 5240
-3720, 15056, 4760
-3608, 14880, 6120
-4792, 13064, 7776
-4896, 13520, 7160
-4936, 14824, 7944
-5200, 15136, 9576
-6520, 13624, 9224
-4736, 12040, 8984
-4752, 11080, 11304
-6176, 10072, 11096
-7160, 12488, 11552
-6576, 12320, 11720
-6912, 10752, 10888
-7112, 10072, 12048
-6736, 8008, 14296
-7648, 8288, 13920
-7912, 9848, 13144
-8752, 8712, 12112
-8616, 8424, 12040
-8024, 6808, 12800
-6216, 5728, 11512
-8520, 7120, 12016
-8680, 8400, 12824
-7728, 6544, 13184
-7104, 5816, 14272
-8088, 7160, 15792
-9056, 6296, 14400
-9288, 6160, 11304
-8608, 2824, 11712
-8736, 3328, 15312
-9904, 2504, 13120
-9976, 1504, 14024
-11392, 800, 16912
-10976, 1600, 14384
-11296, -608, 13984
-11256, -1456, 13384
-11744, -1640, 13560
-10944, -1568, 11256
-11528, -1680, 11864
-10568, -1608, 13600
-10680, -1816, 13848
-11208, -2768, 11392
-11768, -3192, 10968
-11576, -2456, 10864
-12416, -3768, 10856
-10832, -2984, 11408
-10816, -5392, 8632
-12168, -6328, 10072
-12032, -5352, 10376
-11608, -5336, 10600
-11592, -5472, 10024
-12248, -5216, 9128
-12392, -5736, 10608
-12880, -5992, 11568
-12200, -6680, 12016
-12024, -6728, 10616
-12016, -6848, 9200
-12000, -7120, 7592
-11456, -7608, 8416
-11792, -8128, 10512
-12624, -7432, 10576
-12336, -7664, 9480
-11848, -6960, 7520
-12664, -7912, 5976
-12416, -8488, 8672
-11408, -8376, 8688
-12064, -8376, 8712
-12736, -8808, 8712
-11592, -7976, 7000
-11936, -8048, 6600
-12736, -9048, 7024
-13048, -9272, 6528
-12704, -9008, 6488
-12032, -9112, 5864
-12184, -8728, 5800
-12656, -9560, 5160
-12952, -9696, 4528
-11752, -7656, 7624
-12344, -8704, 4272
-12544, -8928, 4808
-13344, -9720, 4592
-13232, -8712, 3192
-13088, -8160, 3592
-13032, -8864, 3736
-12936, -8904, 4288
-13128, -8808, 3680
-13176, -8384, 3648
-13312, -8304, 3584
-13728, -9072, 4168
-14072, -9296, 4248
-13712, -8880, 4528
-13432, -8456, 3872
-12680, -8040, 4736
-12968, -6392, 5016
-13808, -8008, 4528
-15896, -7280, 5488
-13784, -7712, 6472
-13592, -6736, 7304
-13960, -6784, 6952
-14152, -8064, 6280
-14072, -5992, 5696
-13656, -5760, 5992
-13576, -5688, 6904
-14072, -5928, 6888
-13152, -6200, 7152
-14272, -4960, 6488
-15440, -3896, 5304
-15176, -4256, 5992
-14360, -4080, 6816
-14000, -3744, 6816
-13840, -2232, 8464
-15424, -1312, 9248
-14504, -704, 10688
-14560, -1008, 10392
-14208, -248, 8944
-14448, -512, 8280
-15032, 320, 8080
-14192, 1224, 7448
-15040, 768, 6624
-15072, 24, 6888
-15296, 1904, 7464
-14952, 1784, 6912
-14880, 1576, 5976
-14568, 1480, 5056
-14808, 1528, 4720
-15312, 2272, 6112
-14848, 2488, 6112
-15800, 1336, 5112
-15800, 2672, 5440
-15448, 2344, 5256
-15896, 1968, 5464
-15664, 3048, 5424
-15752, 3808, 5808
-15608, 3720, 4552
-15256, 3440, 3552
-15184, 2984, 3656
-14904, 2792, 5408
-14704, 3632, 3544
-15104, 4440, 3344
-15640, 4544, 3400
-15536, 4464, 2768
-15744, 3472, 2296
-15792, 4344, 3048
-15456, 5736, 3016
-14928, 6520, 2608
-15624, 5840, 2520
-15504, 4528, 1792
-16040, 4272, 1576
-15880, 5440, 2360
-14792, 6824, -104
-14360, 5448, 1264
-14280, 5856, 1152
-15144, 5184, 384
-15304, 5544, -1032
-15264, 7328, 120
-15264, 7480, -488
-14864, 6808, 864
-14352, 7232, -272
-14264, 6360, -496
-14456, 6368, -536
-14168, 6736, -1128
-13888, 8056, -1960
-13864, 8656, 416
-13832, 8104, -520
-13944, 7944, -1424
-13528, 7440, -1752
-11384, 9752, 184
-12912, 7352, -2216
-13400, 8656, -1912
-13640, 9896, -1288
-13176, 8416, -2536
-13200, 9120, -2704
-13160, 8584, -2344
-14984, 5160, -8672
-12040, 7960, -2944
-12904, 8384, -4328
-12824, 10640, -3232
-14000, 9800, -5032
-13112, 8400, -3584
-13304, 7704, -2632
-12720, 8808, -3864
-12656, 8760, -4712
-12968, 7656, -4040
-12560, 7328, -3696
-12808, 8032, -4632
-12880, 7880, -4176
-13944, 8704, -5144
-12824, 7904, -5408
-12256, 6248, -5592
-13448, 9312, -5024
-13416, 8928, -4992
-13136, 7904, -4544
-12872, 8328, -4448
-13800, 6768, -4992
-12640, 7224, -4688
-12968, 9240, -3632
-13304, 8800, -3992
-13376, 7784, -4512
-12832, 7944, -4352
-13048, 8080, -4712
-13048, 8008, -3728
-13744, 8272, -3176
-12568, 7688, -4912
-13432, 8544, -5776
-13248, 9056, -5800
-13480, 8608, -4264
-13312, 7304, -3064
-12608, 5352, -2920
-11976, 5856, -3744
-14184, 7568, -5456
-13056, 8432, -4224
-13464, 7312, -5752
-14408, 8984, -5712
-14200, 7504, -2744
-14320, 6384, -2272
-12592, 5832, -3008
-13536, 6824, -3872
-14624, 8336, -4264
-14544, 8072, -3960
-13776, 6472, -3896
-14128, 7096, -2816
-13536, 5984, -2232
-13224, 5776, -2608
-14272, 6920, -3360
-15056, 7160, -1944
-14176, 6144, -2720
-15216, 6408, -3080
-15312, 6728, -3480
-14968, 6808, -448
-14728, 7576, -584
-14320, 5216, -1288
-15600, 5112, -120
-14080, 5408, 1104
-14160, 4976, 872
-15144, 4608, 248
-14584, 6504, 1144
-15240, 6136, 600
-14928, 5504, -312
-15424, 4848, 256
-15192, 4064, 3024
-14760, 256, 2896
-14712, 4160, 2608
-15272, 3232, 3096
-15832, 3248, 3856
-16432, 4032, 2864
-15336, 4640, 4168
-15840, 4560, 4240
-14888, 3328, 4840
-15296, 2416, 3624
-14840, 1336, 2840
-15040, 1888, 4024
-15848, 1568, 4744
-16256, 1208, 6480
-15904, 1120, 4568
-14696, 448, 3312
-15816, 752, 4424
-16152, 816, 4032
-15120, -984, 2648
-15576, -840, 3696
-15344, -1544, 3968
-17504, -1968, 4440
-16640, -440, 3736
-17064, -80, 4984
-16192, -496, 5840
-16128, -528, 3824
-16000, -536, 3104
-15896, -1616, 3000
-15752, -1848, 3704
-15544, -1320, 3176
-15344, -1576, 2080
-16176, -1968, 2480
-15568, -576, 2600
-15792, -608, 3400
-16272, -1344, 3904
-16152, -1392, 3640
-15984, -608, 3416
-15472, -1000, 3088
-16240, -1216, 1696
-17064, -2024, 1328
-16040, -1240, 1544
-15632, -1168, 1512
-14808, -680, 1584
-15048, -560, 1136
-15848, -944, 2720
-16552, -1224, 2944
-17448, -1040, 1552
-17000, -328, 872
-16960, -816, 1376
-15608, 936, 3872
-15368, -1304, 3144
-14848, -552, 392
-17408, 608, 160
-17368, -88, -160
-16744, -1080, 912
-16480, -1232, 1272
-16640, -1432, 400
-17048, -1496, 1528
-16720, -1216, 1176
-17176, -720, 752
-17008, -728, 1448
-15336, -472, 3112
-16168, -528, 2280
-15584, 136, 3296
-14992, 248, 1360
-14816, -1280, 3616
-14384, -176, 6648
-16320, -2032, 3816
-16216, -1224, 3760
-15352, -416, 4304
-15960, 288, 4016
-16336, -320, 3096
-15392, -536, 3184
-15152, -824, 4856
-15752, -856, 4648
-15904, -704, 4792
-16200, -104, 4744
-16536, 504, 4440
-15280, -704, 4368
-15488, -80, 4936
-15152, -368, 5312
-16272, 80, 5584
-16240, -344, 5384
-16296, 2488, 6184
-15648, 1960, 6280
-14600, 608, 5264
-14976, -976, 2080
-15032, -744, 5080
-16160, -200, 4656
-16160, 656, 5656
-15952, 1600, 2456
-15168, 688, 4152
-15512, 1400, 3184
-16112, 2304, 2480
-16512, 2728, 2832
-15680, 2272, 3448
-15832, 2056, 3544
-16464, 1280, 2840
-16928, 2600, 1680
-17008, 3528, 1616
-16176, 4048, 2488
-16048, 3704, 1720
-15976, 2400, 752
-15504, 1608, 328
-15472, 1760, 336
-15232, 2128, 488
-15400, 1688, -208
-15784, 3160, 944
-15920, 4160, -192
-16624, 4104, 8
-16288, 4864, 0
-15888, 1608, 504
-15776, 2192, 432
-15960, 3824, 616
-15808, 3544, -1312
-16336, 2800, -696
-15560, 1696, -200
-15976, 1416, 2120
-15888, 1184, 464
-16048, 2712, 48
-15816, 2944, 48
-15704, 2048, -976
-15584, 2944, 136
-15984, 2368, 48
-16032, 1048, -208
-16608, 1360, -16
-15968, 2432, -1088
-15592, 2728, -840
-15376, 2016, -912
-15864, 2288, -1472
-15984, 1424, -2024
-16328, 1496, -1704
-15600, 1520, -2456
-16200, 2024, -1536
-15712, 1440, -2080
-15544, 960, -2280
-15456, 1144, -1728
-15696, 168, -744
-15792, 584, -1032
-16888, 72, -1200
-15648, 1024, -1872
-15336, 704, -2968
-15024, 1392, -3952
-15960, 120, -4128
-16256, 912, -2984
-15856, 1448, -2272
-16520, 400, -1576
-16120, -536, -2664
-15536, -1112, -3904
-15080, -688, -4616
-14784, 296, -2776
-15384, 520, -1176
-15712, 1176, -3664
-15456, -680, -4440
-14976, -1168, -4224
-15880, -1728, -2832
-15720, -1240, -2320
-15416, -1840, -2272
-15432, -1704, -3312
-14968, -1800, -5216
-15056, -2088, -4008
-16240, -1224, -1840
-16456, -952, -4384
-15744, -2328, -4128
-15016, -2744, -2904
-15232, -2272, -1816
-14856, -2248, -2360
-14968, -2128, -1784
-16448, -3112, -3368
-16120, -2704, -2576
-15168, -2624, -1768
-14208, -2536, -1824
-15216, -2384, -1000
-14792, -1728, -16
-14408, -3032, -608
-13392, -4080, -4008
-18224, -4880, -4632
-17416, -4992, -4232
-15904, -4792, -2792
-16416, -1952, 392
-16688, -1864, 1288
-15720, -2792, -1176
-14912, -4264, -2472
-16840, -3440, -2600
-16400, -3192, -2392
-15808, -480, 0
-16216, -2184, 1472
-16152, -2312, 56
-15792, -3008, -640
-15040, -1144, 784
-15272, -2360, 320
-15136, -3280, -1816
-16536, -2288, -1152
-16280, -2784, -1232
-15944, -1800, 128
-15000, -3064, -936
-16016, -2736, -176
-16488, -2544, 144
-15000, -3816, -1288
-15600, -1840, 248
-16264, -1736, 2328
-15600, -1392, 224
-15072, -1968, 792
-15792, -2856, 912
-15808, -3792, 552
-16392, -3512, 208
-15800, -3536, 912
-15704, -2912, 1080
-15576, -2976, 1456
-15888, -3768, 856
-15752, -3616, 208
-15576, -4008, 472
-15384, -3872, 800
-15552, -4304, 624
-15824, -4504, 536
-14824, -5256, 1000
-15112, -4440, 696
-15376, -4224, 2144
-15584, -4784, 2288
-15744, -5312, 1992
-15072, -5848, 1200
-15536, -4640, 2336
-15568, -4640, 2344
-15712, -4784, 1800
-15440, -4464, 1936
-15784, -5192, 1416
-15904, -4880, 1512
-15632, -5184, 1824
-15136, -4976, 2000
-15360, -4608, 1648
-15168, -4424, 1480
-15360, -4520, 1736
-15088, -4472, 1728
-15784, -4136, 2392
-15720, -4352, 1944
-15856, -4400, 1616
-16040, -4136, 1648
-16184, -3944, 1872
-16280, -3800, 2144
-16000, -3776, 2344
-15880, -4760, 2288
-16688, -4280, 3136
-15864, -4960, 2472
-14608, -4064, 2072
-13544, -3336, 1008
-14360, -2872, 320
-15472, -2232, 512
-15656, -2040, 1712
-16104, -2440, 1544
-17080, -4392, 1768
-16304, -6336, 2176
-15504, -2896, 2376
-15856, -1728, 1752
-16200, -1352, 1040
-16368, -1320, 1240
-17024, -2352, 1800
-16408, -2976, 3144
-16368, -3472, 2616
-15952, -1504, 1752
-15920, 200, 1984
-16496, -592, 1880
-15880, -1848, 2696
-15008, -1304, 3304
-14832, -1528, 2632
-15624, -536, 3592
-15600, 840, 2368
-16784, -248, 1912
-16080, -2792, 2080
-15416, -168, 3528
-15360, 344, 3344
-15832, -1048, 2424
-16944, 256, 1264
-17352, 872, 1760
-16712, 1152, 2328
-15776, 1056, 2096
-15048, 2240, 3056
-15944, 1840, 2520
-15968, 1648, 4000
-16480, 3424, 3704
-16968, 3744, 5528
-16232, 1752, 4480
-14632, 1288, 3280
-15272, 4320, 4592
-15472, 3736, 5816
-14824, 3000, 6800
-15904, 2184, 6712
-14600, 1592, 6688
-14928, 832, 5024
-14592, 2264, 6432
-14664, 3416, 7960
-14400, 3048, 8240
-14648, 1704, 7168
-14904, 728, 6600
-15384, 336, 6920
-15304, 336, 5824
-15040, 1280, 7192
-15080, 2520, 8248
-15696, 1112, 7464
-15512, -504, 7432
-14936, 1840, 6504
-15304, 608, 4688
-15952, 240, 6312
-15632, -632, 6760
-15352, 480, 7328
-15352, 976, 7296
-15416, 200, 5792
-15184, 0, 8224
-15408, 32, 6904
-15200, 1296, 7232
-14992, -496, 6912
-14320, -1376, 6240
-14032, -1344, 6936
-15080, -1000, 6160
-14864, -1928, 5560
-14584, -1840, 7096
-14064, -1872, 9328
-11128, -2808, 7344
-13816, -2288, 8152
-13928, -2480, 7816
-14208, -2896, 7512
-14168, -3152, 7704
-14080, -2880, 8184
-13872, -2416, 8560
-14000, -2464, 7696
-14104, -2336, 8576
-14032, -2272, 8416
-14504, -1992, 9128
-15000, -1640, 9456
-14592, -816, 8872
-14584, -1648, 8424
-13832, -1744, 7456
-14136, -1704, 6200
-14656, -1472, 6376
-13328, 2048, 10248
-13416, 2840, 11456
-13264, 1848, 10272
-14808, 408, 8480
-14136, -152, 8192
-13896, 240, 8464
-14584, 1656, 7200
-15184, 816, 3712
-15424, 832, 6224
-15952, 4072, 9832
-14656, 3360, 9648
-15368, 1784, 9400
-14624, 1928, 7744
-15672, 2880, 6872
-14824, 2656, 5880
-14496, 632, 5224
-14008, 2912, 8808
-14280, 6632, 10296
-14176, 5856, 9504
-13144, 2256, 8448
-14776, 2288, 8024
-14808, 3224, 6536
-14424, 2448, 6992
-13528, 4168, 7728
-14792, 6952, 8656
-13680, 6824, 8856
-14800, 6304, 7920
-13944, 4728, 7584
-12520, 4688, 7744
-15144, 4568, 8344
-14648, 4568, 8856
-12944, 4256, 6656
-14888, 4696, 7456
-14824, 5488, 8896
-14672, 5848, 6504
-14248, 4840, 5920
-13672, 4240, 6680
-16848, 2904, 6800
-7024, 344, 4312
-12840, 9456, 12272
-13368, 7552, 8224
-13584, 5856, 8072
-14064, 4568, 7880
-14040, 4128, 7832
-14592, 6256, 6064
-16512, 9432, 3776
-14368, 9832, 5056
-13320, 7064, 5992
-14800, 6424, 6224
-13008, 5232, 7184
-13928, 4504, 6000
-13680, 4792, 5072
-15480, 6616, 2304
-15704, 8296, 1968
-14600, 8456, 2648
-14096, 7040, 3848
-13840, 7088, 3144
-13600, 7584, 3448
-14024, 6672, 3328
-15088, 5912, 2648
-15120, 6288, 1328
-15160, 6448, 1224
-15072, 6728, 1720
-14680, 6056, 1264
-14864, 5408, 1712
-15104, 5504, 1816
-15120, 4848, 1856
-15424, 6360, 1656
-13536, 8784, -304
-14792, 7168, 2024
-14048, 6912, -2072
-13672, 5032, -624
-19320, 512, -10496
-14568, 6976, 2224
-14136, 8552, 2168
-13576, 6464, 1144
-14232, 5248, 1136
-15208, 4168, 328
-15080, 4160, 1032
-13744, 4672, 1272
-14480, 6968, 2112
-14864, 8736, 2152
-15032, 9096, 1216
-14256, 7624, 728
-13792, 7104, 1488
-14048, 6560, 1384
-14184, 5240, 1224
-14408, 5912, 3128
-16568, 5200, 1128
-14808, 8688, 5456
-14296, 8696, 3712
-14144, 9392, 1512
-13728, 9552, 216
-14288, 9192, 480
-13448, 7192, 4328
-14360, 7480, 5408
-13552, 6976, 5064
-13008, 7992, 3464
-12184, 7936, 2232
-14656, 9792, 1840
-12744, 9552, 120
-12616, 10536, 8872
-14296, 8744, 5792
-14320, 6864, 3720
-11320, 7504, 1768
-10768, 7664, 2920
-11056, 10040, 3056
-11520, 12984, 3376
-12264, 13896, 2608
-12384, 11632, 10968
-8872, 10440, 5272
-10632, 9856, 3696
-8040, 11496, 4552
-9864, 13280, 944
-9920, 15448, 2216
-10680, 16512, 6512
-12696, 12344, 7536
-9424, 12088, 4632
-9128, 9784, 5184
-9696, 13880, 4360
-27568, 31208, 7096
-11408, 13960, 5152
-7904, 14048, 10768
-8144, 10064, 9040
-9384, 8632, 8256
-9680, 8560, 8432
-8432, 10512, 12152
-7904, 9432, 12384
-8080, 8312, 10680
-8312, 9048, 11152
-7856, 9664, 12784
-6424, 8792, 12896
-7112, 7824, 14032
-5904, 8040, 15112
-3968, 8312, 15320
-5904, 9480, 14584
-7856, 7592, 10704
-3352, 8224, 14168
-2552, 9808, 15952
-5320, 5264, 11384
-4592, 5936, 13264
-3248, 7792, 17096
-1264, 9024, 18832
-1936, 6816, 16752
-3128, 7032, 15464
-2160, 5984, 15256
-584, 5536, 16232
-768, 4976, 15152
-824, 3976, 16128
-264, 3960, 16168
-936, 5112, 16992
-1088, 5464, 17384
-448, 5984, 17408
576, 5512, 17288
56, 4048, 16672
-152, 3696, 16928
-136, 4024, 17952
88, 3824, 16544
-952, 4200, 17488
-888, 5304, 17760
840, 3680, 17768
1048, 1488, 17480
1160, -128, 17192
808, 936, 16872
2112, 840, 18088
632, -456, 17568
-112, 624, 18304
-1504, -1488, 18128
-8, -2232, 16480
608, -2304, 17088
224, -1888, 16232
296, -3488, 16080
816, -2888, 17912
112, -3144, 16880
-208, -4040, 16616
928, -3960, 17672
1640, -3960, 18136
848, -4224, 17600
768, -4448, 16936
1192, -5056, 16712
-1472, -4936, 15504
56, -5912, 15400
1000, -3648, 17400
2288, -4656, 15192
-384, -5456, 13760
-40, -5104, 14120
-208, -4128, 13400
1216, -1816, 15648
856, -1480, 16592
312, 1816, 17656
560, 1144, 16368
600, -576, 15840
680, 1408, 18984
-208, 1288, 17736
704, 1560, 17080
808, 2312, 18624
504, 1648, 18344
336, -688, 16912
872, -280, 16016
456, 3360, 20712
952, 3704, 22144
480, 1344, 17552
248, -136, 15224
1112, 408, 16208
160, 2480, 17848
-544, -752, 19840
-2016, 1544, 17608
40, 288, 17944
120, -1224, 18256
-592, -3568, 17816
-72, -3592, 18664
656, -2424, 18808
648, 1176, 18600
152, 3648, 18696
1448, 920, 19104
-160, -3984, 19752
-560, -6304, 19448
1112, -4184, 19640
2280, -520, 19448
-408, 1040, 19248
848, 1696, 17392
2576, -392, 14376
2936, -2080, 15632
1784, -2480, 18016
1088, -2392, 19688
2224, -2992, 20568
2632, -3600, 21312
4608, 2696, 17560
6176, 3824, 13264
5592, 200, 13400
3888, -3896, 15656
4344, -5568, 16288
4992, -6352, 16896
5080, -7008, 18264
4528, -8936, 17368
5368, -8224, 15056
7296, -5128, 14064
7576, -7568, 14896
6224, -8648, 14888
6040, -6240, 13808
7448, -5424, 11928
8472, -6968, 13240
8008, -9112, 14000
8160, -9072, 12848
8752, -8560, 11408
8128, -9664, 10968
7816, -10688, 8424
8936, -10952, 7096
9408, -12520, 6488
9088, -12160, 8648
10344, -11560, 10432
11000, -9256, 10560
10280, -9136, 8056
10808, -9760, 5208
11848, -10592, 4256
11096, -10864, 7344
10952, -12280, 9520
10600, -11992, 10320
10920, -10160, 8136
11760, -9824, 6432
11824, -11104, 4480
13048, -12088, 2568
14240, -10088, 1888
13776, -7392, 2168
13176, -7888, 2760
12952, -9648, 2280
12960, -9736, 3048
13880, -9368, 4712
14360, -9376, 2968
13688, -7064, 1808
14368, -6120, 1088
15072, -6048, 2504
14072, -6840, 3584
13944, -6928, 4328
13792, -6464, 6736
14384, -6528, 7920
14608, -6560, 7976
14560, -3896, 6200
15360, -208, 5368
15096, -720, 4776
15184, -3584, 8360
14480, -4832, 10976
14848, -2424, 9536
15200, -1032, 7472
14784, -1624, 6616
15576, -2168, 8296
14000, 1376, 9352
14992, 1288, 9280
15272, 2984, 9376
15936, 3648, 7256
15168, 4456, 5064
14688, 1256, 5232
15000, 888, 8504
15352, 1184, 8912
15096, -584, 7760
14680, -1392, 9376
15520, 2840, 9080
16192, 5336, 6800
16080, 4528, 6160
15392, 3816, 6880
15960, 3016, 6816
15400, 3072, 7048
15040, 2384, 4304
14968, 2952, 3144
15864, 5928, 3352
16104, 6928, 4288
16576, 6208, 4232
16232, 4456, 4600
16592, 3640, 3864
15544, 1968, 5872
15896, 760, 5152
16384, 3280, 4440
17056, 5552, 872
16592, 3368, 264
16080, 968, 2432
15824, 1016, 3192
15896, 3840, 832
16440, 4400, -664
16000, 2128, -680
15976, 1896, 2152
16112, 1912, 2152
16072, 1920, -336
15800, 2256, -1328
15816, 1776, -1304
16152, 1568, -2464
16232, 2864, -536
16512, 3640, 704
16816, 2848, -840
17256, 3048, -296
16896, 416, 2512
16472, 2432, 1672
17024, 3040, -1408
16728, 2488, 1528
15432, -1064, 4120
15872, -128, 5776
16232, 2328, 6112
16104, 2608, 3688
16760, 2248, 392
17448, 2736, 2312
16088, 1656, 7112
16328, 1696, 5720
17072, 1296, 3536
16176, 880, 5024
15832, 4304, 8256
16664, 3080, 4608
15984, 496, 3840
15504, 488, 5728
15384, 560, 8712
15056, 1512, 7048
15800, 1168, 4296
15024, 1736, 7472
17744, 1656, 12304
15384, -192, 6952
17088, -728, 1840
16736, -152, 1544
15808, -920, 4784
15296, -1256, 6672
15040, -1872, 6376
15192, -1256, 7568
15312, 280, 8416
15688, 88, 8440
15632, -2264, 5480
16104, -5480, 3192
15264, -3016, 5232
16048, -688, 6632
16096, -560, 5416
16176, -3144, 4928
15216, -5504, 5544
15136, -5408, 4808
15312, -6896, 6344
16016, -7336, 8168
16112, -4472, 7352
16040, -2752, 2680
15048, -5608, 584
14344, -6816, 1896
14904, -7728, 5104
14696, -7808, 4904
14376, -8728, 2288
14328, -9032, 752
13960, -8408, 2264
14392, -8032, 1864
13952, -9160, 1640
14088, -8312, 880
15064, -7440, 472
13648, -7184, 1144
13440, -10712, 2344
12832, -11352, 3632
13264, -10024, 3000
12776, -8704, 504
11760, -10808, 184
10568, -14440, 5616
10800, -12736, 9416
11016, -10616, 3840
11048, -8816, -1248
9224, -10728, -1688
8216, -10824, 5096
6800, -8168, 7096
6136, -11312, 8328
5456, -14496, 9792
5680, -11456, 8312
5688, -9968, 3264
5056, -10728, 4848
3464, -13144, 11880
2904, -12224, 19960
2696, -10352, 14240
2200, -11424, 9088
1712, -12120, 10144
1896, -12624, 15240
1448, -11968, 14704
1672, -10072, 11576
984, -8840, 14536
344, -9016, 15824
472, -6536, 14224
-216, -6984, 14600
-16, -5728, 17088
-200, -2800, 17432
-432, -4064, 15456
-488, -3760, 18208
-584, -3128, 21208
-1144, -3392, 18160
-56, -1472, 15928
-736, 312, 18912
-64, -656, 19528
-288, -1152, 19416
-64, 2096, 20648
56, 3608, 20528
-72, 3400, 19416
-1472, 376, 17264
-1544, 872, 18032
-48, 3288, 18112
-600, 1288, 17544
-928, 24, 17696
-816, 1008, 16280
-24, 3816, 14904
152, 3528, 16896
-792, -520, 19120
-1368, -2712, 19600
-1752, -336, 19136
-584, 1592, 18872
544, 2152, 20640
-480, 808, 20856
-4472, 1176, 17184
-1624, -1936, 16904
-1824, -4168, 15744
-1088, -2896, 17264
-1152, -304, 18432
-944, 3240, 17344
-104, 360, 17304
-264, -2888, 15704
416, -1384, 14200
4984, 3816, 17992
136, -2800, 18784
-1992, -2800, 23128
-584, -3088, 17960
-1296, -2368, 14768
1280, 4512, 20928
-720, 3048, 19384
1288, -1184, 16192
-408, -536, 17624
168, -880, 18016
160, -456, 17712
432, -440, 17656
288, -560, 17712
1496, 960, 16568
400, -1208, 15504
-1656, -2368, 14752
1256, -1112, 16136
64, -1072, 18200
768, 160, 18896
224, -360, 17616
328, -504, 17608
-24, -704, 17288
568, -632, 17568
184, -664, 17536
480, -512, 17856
208, -328, 17616
176, -504, 17536
216, -616, 17648
128, -536, 17816
208, -472, 17608
280, -400, 17472
312, -304, 18288
352, -480, 17384
336, -656, 17616
368, -664, 17440
248, -304, 17544
160, -504, 17456
56, -528, 17696
264, -880, 17432
200, -616, 17768
384, -552, 17392
376, -480, 17608
216, -584, 17656
352, -664, 17656
144, -712, 17568
200, -600, 17600
216, -328, 17648
256, -416, 17640
280, -592, 17320
288, -544, 17872
272, -480, 17736
136, -504, 17520
232, -472, 17832
440, -480, 17656
320, -680, 17688
384, -560, 17696
184, -544, 17688
88, -504, 17560
48, -504, 17496
368, -632, 17896
344, -616, 17632
168, -552, 17496
280, -456, 17608
328, -456, 17688
312, -600, 17688
168, -624, 17752
224, -456, 17496
160, -576, 17592
296, -440, 17592
376, -400, 17744
200, -544, 17336
288, -624, 17856
240, -472, 17648
288, -552, 17792
184, -464, 17536
32, -616, 17544
280, -600, 17752
344, -728, 17688
288, -656, 17616
248, -448, 17528
296, -584, 17760
144, -656, 17712
232, -496, 17600
152, -472, 17720
224, -448, 17704
368, -512, 17560
288, -608, 17496
64, -496, 17704
280, -432, 17544
256, -512, 17896
96, -608, 17664
240, -592, 17608
296, -664, 17648
320, -608, 17584
160, -632, 17560
144, -464, 17632
256, -616, 17472
320, -504, 17432
128, -608, 17520
320, -544, 17528
272, -584, 17608
216, -512, 17640
360, -584, 17656
264, -456, 17400
208, -616, 17760
136, -648, 17656
256, -536, 17704
408, -496, 17728
192, -496, 17576
216, -608, 17760
352, -592, 17736
224, -632, 17592
168, -576, 17400
384, -680, 17424
232, -608, 17800
264, -592, 17704
176, -448, 17624
176, -504, 17448
240, -528, 17456
280, -584, 17600
224, -464, 17688
200, -568, 17704
240, -528, 17560
120, -384, 17640
368, -680, 17720
184, -616, 17832
200, -536, 17632
264, -464, 17776
328, -584, 17560
256, -456, 17528
128, -536, 17616
312, -600, 17608
264, -544, 17616
280, -496, 17616
144, -576, 17648
296, -424, 17552
256, -568, 17688
200, -568, 17824
168, -592, 17480
208, -672, 17544
256, -392, 17648
176, -376, 17424
128, -528, 17496
88, -608, 17792
80, -536, 17640
280, -584, 17472
264, -656, 17768
216, -480, 17664
160, -512, 17688
352, -400, 17592
224, -600, 17624
264, -456, 17568
224, -496, 17616
208, -544, 17728
320, -576, 17544
248, -624, 17608
280, -600, 17648
192, -480, 17480
48, -520, 17544
248, -584, 17496
312, -608, 17784
216, -552, 17616
184, -544, 17896
216, -496, 17656
40, -472, 17624
368, -576, 17528
216, -552, 17608
120, -664, 17496
352, -584, 17568
176, -576, 17760
208, -528, 18096
200, -480, 17688
200, -496, 17464
232, -632, 17696
216, -616, 17760
264, -576, 17496
264, -560, 17528
200, -392, 17688
240, -560, 17624
144, -544, 17840
264, -512, 17920
232, -504, 18008
408, -560, 17496
176, -584, 17688
320, -520, 17640
272, -632, 17816
128, -512, 17696
280, -584, 17672
368, -464, 18080
160, -536, 17584
280, -688, 17616
40, -528, 17576
280, -424, 17536
168, -640, 17712
208, -632, 17472
256, -408, 17664
280, -408, 17600
192, -456, 17792
312, -536, 17832
320, -592, 17568
240, -576, 17600
184, -624, 17536
