-78, 190, 168
-76, 194, 172
-85, 199, 177
-85, 197, 169
-90, 194, 164
-81, 193, 171
-78, 198, 170
-83, 195, 171
-88, 196, 164
-76, 196, 172
-82, 194, 166
-88, 192, 170
-85, 195, 165
-83, 195, 163
-73, 197, 167
-82, 196, 174
-84, 200, 166
-87, 201, 161
-83, 193, 173
-82, 198, 174
-80, 190, 174
-83, 193, 171
-73, 195, 173
-87, 193, 175
-85, 201, 169
-84, 190, 168
-81, 197, 177
-80, 192, 170
-83, 193, 161
-75, 197, 171
-85, 191, 173
-84, 190, 174
-89, 191, 165
-82, 192, 174
-73, 199, 165
-79, 189, 165
-79, 191, 171
-76, 196, 170
-81, 189, 173
-79, 195, 173
-82, 196, 172
-79, 195, 167
-77, 195, 171
-80, 190, 166
-78, 194, 174
-84, 196, 172
-78, 198, 174
-89, 191, 165
-85, 185, 165
-71, 199, 163
-77, 187, 167
-83, 201, 169
-78, 192, 172
-81, 203, 171
-74, 190, 170
-82, 190, 168
-81, 193, 167
-83, 193, 174
-86, 194, 168
-89, 197, 167
-90, 198, 172
-84, 204, 172
-76, 194, 168
-81, 191, 167
-83, 195, 175
-84, 192, 166
-84, 192, 170
-87, 193, 167
-85, 201, 171
-95, 199, 175
-92, 198, 176
-91, 201, 169
-87, 199, 169
-86, 208, 170
-93, 205, 169
-95, 205, 163
-86, 200, 172
-81, 207, 177
-86, 208, 174
-90, 210, 172
-85, 205, 179
-88, 208, 176
-92, 200, 172
-92, 202, 178
-86, 198, 174
-84, 204, 170
-97, 205, 173
-83, 209, 169
-94, 208, 178
-86, 204, 170
-91, 203, 171
-91, 199, 169
-96, 206, 176
-94, 206, 176
-83, 197, 173
-96, 202, 172
-105, 207, 175
-96, 202, 174
-93, 205, 177
-96, 202, 176
-94, 200, 176
-99, 199, 173
-94, 196, 174
-90, 190, 172
-96, 200, 172
-94, 190, 174
-93, 189, 173
-101, 197, 171
-94, 194, 168
-90, 193, 173
-99, 193, 171
-111, 197, 161
-113, 197, 157
-137, 201, 137
-137, 197, 133
-137, 191, 127
-147, 201, 108
-157, 201, 103
-166, 194, 98
-165, 193, 75
-169, 187, 73
-180, 206, 56
-172, 210, 62
-184, 200, 64
-181, 201, 53
-183, 211, 49
-187, 203, 51
-192, 202, 46
-182, 206, 38
-187, 197, 41
-193, 201, 39
-182, 208, 28
-183, 203, 25
-181, 201, 19
-184, 192, 2
-195, 193, 3
-181, 197, -7
-188, 194, -22
-178, 190, -34
-177, 185, -55
-170, 182, -74
-165, 179, -77
-158, 180, -92
-164, 166, -100
-160, 168, -106
-158, 172, -110
-162, 172, -114
-162, 178, -124
-151, 181, -129
-153, 187, -123
-162, 192, -136
-163, 197, -131
-155, 195, -139
-155, 205, -151
-164, 200, -148
-156, 206, -160
-157, 215, -169
-148, 215, -167
-138, 222, -170
-145, 219, -183
-138, 224, -178
-135, 227, -189
-138, 222, -186
-126, 232, -192
-132, 228, -199
-117, 229, -211
-107, 235, -207
-109, 235, -215
-106, 239, -215
-97, 225, -215
-98, 224, -222
-79, 229, -221
-72, 226, -226
-56, 234, -232
-25, 221, -237
-19, 223, -248
-8, 222, -240
3, 227, -245
26, 210, -248
39, 211, -243
56, 214, -246
71, 223, -247
78, 208, -238
91, 209, -229
97, 215, -237
115, 213, -227
128, 212, -214
131, 205, -205
135, 211, -193
146, 208, -202
149, 211, -193
158, 202, -172
170, 214, -178
177, 205, -171
181, 207, -165
188, 204, -150
200, 196, -144
218, 200, -118
221, 187, -81
220, 186, -52
227, 185, -37
230, 186, -30
244, 192, -8
243, 187, -11
233, 203, -9
233, 197, -1
237, 187, -15
243, 199, -13
228, 206, -2
242, 204, -2
240, 196, 2
230, 208, 6
238, 208, 10
248, 200, 12
240, 212, 30
237, 215, 23
236, 214, 26
237, 221, 31
241, 217, 35
244, 220, 36
235, 225, 37
239, 223, 33
240, 220, 42
239, 223, 43
239, 217, 39
238, 228, 38
242, 226, 44
236, 240, 58
241, 233, 57
233, 233, 61
230, 242, 74
234, 232, 70
234, 230, 82
224, 224, 88
221, 233, 101
219, 227, 119
209, 227, 127
201, 231, 133
190, 226, 146
187, 221, 153
179, 225, 175
156, 222, 178
137, 223, 183
127, 219, 197
117, 223, 197
103, 225, 212
86, 226, 214
82, 236, 214
74, 232, 216
72, 223, 217
48, 230, 212
37, 225, 217
29, 221, 213
31, 213, 223
18, 230, 204
8, 224, 214
-6, 222, 210
-20, 220, 208
-28, 218, 206
-48, 214, 202
-50, 220, 192
-72, 214, 196
-77, 207, 189
-70, 204, 180
-87, 209, 185
-90, 210, 184
-93, 205, 187
-87, 203, 179
-87, 203, 187
-84, 202, 184
-94, 196, 182
-86, 200, 198
-66, 204, 188
-73, 209, 199
-63, 209, 193
-63, 199, 199
-47, 205, 199
-42, 202, 202
-39, 211, 203
-27, 181, 207
1, 201, 205
8, 196, 204
27, 195, 205
56, 190, 210
69, 191, 199
91, 189, 199
104, 200, 192
136, 202, 190
138, 204, 182
151, 193, 169
153, 189, 161
160, 188, 156
162, 196, 152
166, 192, 148
175, 191, 143
178, 194, 136
189, 195, 123
190, 188, 104
201, 199, 93
208, 194, 76
219, 195, 65
228, 192, 36
235, 195, 37
231, 199, 23
237, 201, 13
233, 193, 13
234, 196, -6
241, 201, -13
232, 207, -33
233, 209, -45
234, 204, -56
234, 202, -66
230, 196, -66
225, 201, -65
228, 200, -78
215, 199, -86
219, 199, -95
204, 200, -96
207, 195, -103
203, 195, -117
197, 195, -135
179, 189, -141
170, 180, -150
157, 173, -157
139, 179, -175
138, 168, -178
125, 167, -179
107, 167, -181
93, 153, -189
84, 156, -188
69, 145, -191
52, 148, -194
53, 141, -207
50, 148, -198
52, 146, -200
33, 141, -203
26, 142, -200
23, 149, -205
3, 147, -199
-7, 129, -199
-22, 124, -196
-20, 132, -182
-56, 132, -170
-74, 132, -158
-86, 128, -156
-83, 131, -135
-103, 129, -127
-109, 123, -119
-122, 130, -110
-122, 134, -94
-132, 128, -90
-125, 121, -87
-134, 124, -76
-132, 130, -64
-145, 133, -71
-142, 136, -56
-141, 141, -43
-150, 138, -28
-150, 142, -24
-152, 148, -26
-164, 146, -16
-162, 146, -10
-161, 159, 1
-160, 154, 8
-173, 157, 15
-168, 158, 24
-164, 158, 30
-165, 163, 31
-167, 159, 51
-159, 165, 53
-158, 172, 52
-152, 168, 64
-161, 163, 81
-156, 166, 84
-148, 170, 85
-160, 182, 82
-154, 180, 96
-154, 180, 90
-156, 184, 92
-159, 181, 89
-165, 181, 95
-159, 181, 85
-155, 173, 71
-160, 164, 66
-165, 151, 51
-159, 163, 31
-154, 156, 6
-152, 154, -2
-153, 147, -17
-151, 149, -37
-153, 137, -61
-141, 143, -85
-129, 131, -101
-113, 129, -115
-109, 121, -123
-96, 124, -134
-90, 120, -142
-76, 126, -148
-75, 125, -149
-74, 126, -152
-63, 130, -158
-54, 134, -160
-52, 120, -168
-50, 128, -172
-37, 129, -165
-17, 125, -173
-15, 131, -175
-9, 123, -189
13, 127, -183
27, 123, -187
30, 124, -184
36, 120, -186
44, 124, -176
46, 122, -176
65, 131, -187
83, 141, -179
91, 139, -183
97, 141, -183
106, 148, -178
119, 151, -171
120, 150, -178
128, 152, -166
129, 151, -159
145, 161, -153
147, 159, -159
151, 169, -153
170, 170, -150
176, 160, -130
184, 170, -126
188, 166, -116
195, 175, -87
209, 173, -73
217, 163, -69
220, 168, -56
218, 156, -28
216, 170, -14
225, 159, 5
223, 161, 11
214, 164, 42
212, 180, 58
207, 189, 71
197, 187, 85
197, 185, 95
196, 190, 108
184, 188, 127
185, 185, 125
176, 192, 140
168, 196, 146
166, 197, 155
156, 202, 156
156, 200, 166
149, 199, 167
143, 211, 181
140, 206, 182
130, 210, 188
122, 210, 193
119, 211, 193
119, 211, 193
115, 221, 195
112, 211, 203
103, 209, 209
102, 216, 206
95, 215, 201
80, 222, 214
77, 229, 213
77, 217, 209
60, 222, 207
61, 225, 215
54, 232, 214
53, 221, 221
38, 226, 214
21, 229, 227
22, 236, 218
9, 233, 211
0, 214, 216
-10, 222, 216
-22, 232, 206
-25, 215, 223
-32, 222, 218
-26, 226, 208
-38, 212, 210
-46, 216, 208
-47, 221, 195
-59, 217, 205
-67, 213, 207
-66, 214, 194
-81, 221, 195
-87, 213, 193
-94, 218, 190
-94, 218, 184
-100, 214, 182
-108, 210, 170
-104, 212, 166
-120, 206, 164
-125, 205, 165
-132, 202, 158
-123, 193, 161
-126, 206, 148
-128, 204, 160
-123, 197, 153
-123, 203, 157
-124, 206, 162
-110, 212, 168
-121, 211, 169
-114, 200, 164
-112, 198, 170
-110, 212, 172
-106, 202, 166
-94, 216, 182
-96, 216, 184
-89, 199, 185
-85, 225, 191
-76, 222, 192
-66, 228, 200
-55, 231, 209
-54, 220, 204
-50, 222, 202
-48, 220, 202
-50, 210, 210
-35, 215, 201
-27, 199, 215
-5, 203, 199
26, 194, 200
38, 184, 204
48, 188, 206
54, 184, 195
76, 184, 194
83, 175, 195
97, 175, 187
110, 184, 188
113, 183, 179
110, 182, 184
123, 185, 183
111, 187, 181
113, 187, 185
124, 192, 186
119, 193, 180
141, 183, 165
133, 173, 159
138, 176, 152
152, 171, 147
144, 168, 148
151, 173, 153
158, 170, 158
160, 172, 136
154, 164, 124
168, 162, 120
177, 157, 116
177, 143, 109
166, 150, 100
168, 150, 102
161, 145, 95
171, 155, 95
171, 155, 85
177, 145, 83
176, 140, 80
176, 128, 64
180, 134, 62
183, 129, 55
182, 124, 46
182, 128, 50
182, 124, 34
181, 121, 19
188, 120, 12
173, 121, 13
183, 109, 5
179, 109, 3
175, 115, -17
172, 112, -18
177, 101, -23
170, 112, -26
174, 102, -14
171, 101, -21
171, 107, -29
160, 108, -42
166, 110, -48
161, 117, -55
157, 103, -53
144, 98, -54
146, 94, -60
146, 100, -54
141, 105, -61
129, 95, -73
128, 90, -72
119, 87, -73
111, 105, -79
109, 91, -87
106, 90, -92
84, 92, -98
69, 83, -97
60, 82, -96
57, 79, -95
48, 70, -100
42, 76, -94
32, 74, -90
33, 69, -89
33, 63, -89
26, 68, -84
16, 80, -78
14, 60, -80
-5, 69, -73
-13, 77, -63
-18, 78, -58
-27, 71, -63
-37, 79, -51
-47, 81, -49
-47, 73, -55
-61, 87, -39
-56, 84, -38
-60, 80, -32
-74, 86, -26
-71, 81, -19
-82, 92, -18
-90, 86, 0
-99, 99, 3
-108, 96, 0
-110, 100, 24
-113, 99, 31
-124, 110, 50
-119, 123, 67
-134, 124, 76
-124, 144, 92
-126, 148, 102
-127, 147, 101
-123, 155, 117
-123, 161, 129
-123, 169, 135
-113, 163, 139
-106, 174, 148
-107, 181, 157
-101, 193, 171
-95, 183, 171
-88, 180, 178
-91, 191, 177
-75, 193, 175
-77, 193, 181
-75, 195, 185
-72, 194, 188
-66, 194, 188
-57, 193, 190
-58, 202, 196
-49, 199, 189
-51, 195, 195
-42, 202, 198
-59, 197, 197
-57, 189, 191
-64, 200, 190
-67, 207, 187
-75, 197, 181
-74, 192, 182
-81, 195, 172
-92, 180, 170
-107, 175, 155
-101, 171, 151
-108, 165, 137
-117, 145, 109
-121, 141, 97
-127, 123, 69
-124, 116, 48
-109, 123, 33
-108, 102, 34
-109, 97, 3
-107, 99, 1
-112, 100, -16
-103, 97, -25
-102, 97, -35
-95, 97, -37
-87, 103, -43
-87, 105, -45
-90, 102, -52
-75, 95, -75
-73, 107, -71
-66, 88, -74
-63, 89, -69
-70, 90, -64
-57, 89, -73
-56, 88, -76
-64, 88, -82
-57, 85, -77
-56, 90, -80
-48, 82, -76
-42, 88, -100
-47, 97, -91
-37, 89, -97
-31, 89, -97
-21, 81, -117
-14, 84, -106
0, 82, -112
22, 80, -118
24, 86, -112
40, 78, -118
36, 86, -112
59, 79, -113
47, 87, -113
55, 81, -115
62, 74, -112
73, 83, -111
69, 93, -111
66, 78, -112
79, 87, -107
83, 89, -107
84, 92, -102
99, 91, -103
108, 94, -102
115, 97, -99
122, 94, -90
134, 102, -76
149, 107, -73
149, 99, -71
162, 114, -62
166, 108, -46
169, 105, -47
180, 114, -44
185, 123, -33
183, 123, -15
200, 122, -4
188, 130, -12
202, 124, 10
199, 129, 13
200, 130, 4
208, 124, 22
196, 132, 30
202, 134, 24
196, 142, 34
205, 123, 27
198, 136, 36
192, 134, 50
190, 132, 66
185, 151, 85
184, 152, 96
177, 157, 91
172, 158, 108
178, 162, 112
174, 162, 122
174, 168, 120
173, 169, 111
179, 167, 123
174, 166, 126
184, 172, 122
167, 173, 123
170, 180, 130
165, 187, 149
168, 188, 151
158, 196, 156
151, 193, 165
153, 195, 175
143, 203, 181
124, 196, 182
133, 207, 185
123, 215, 195
113, 223, 195
104, 218, 206
95, 231, 217
89, 233, 217
74, 238, 220
64, 250, 226
52, 256, 228
41, 266, 232
28, 278, 230
31, 275, 231
11, 279, 229
-3, 295, 221
-21, 299, 219
-14, 302, 226
-31, 301, 220
-41, 301, 217
-42, 294, 218
-48, 292, 210
-63, 291, 205
-75, 289, 205
-78, 290, 196
-93, 287, 195
-102, 288, 190
-95, 291, 187
-92, 290, 190
-113, 287, 194
-109, 287, 193
-114, 288, 174
-123, 277, 183
-128, 282, 174
-116, 284, 172
-132, 282, 172
-138, 282, 186
-129, 277, 175
-123, 275, 171
-140, 268, 176
-124, 272, 172
-127, 281, 167
-125, 269, 169
-125, 273, 175
-126, 268, 178
-122, 282, 176
-116, 278, 176
-110, 278, 182
-113, 267, 185
-103, 269, 199
-98, 272, 186
-91, 259, 201
-85, 271, 203
-81, 267, 205
-81, 263, 205
-71, 249, 205
-49, 247, 209
-50, 240, 216
-42, 246, 204
-25, 241, 209
-23, 241, 215
-3, 249, 215
-15, 237, 221
1, 235, 221
7, 237, 215
27, 229, 223
33, 211, 219
51, 213, 227
58, 212, 216
72, 208, 218
71, 205, 203
86, 204, 202
95, 199, 203
103, 187, 193
116, 190, 182
127, 183, 181
126, 182, 170
136, 170, 168
144, 170, 154
136, 168, 146
143, 169, 153
142, 168, 150
143, 153, 145
152, 160, 142
157, 155, 127
162, 156, 112
160, 152, 114
169, 141, 95
172, 144, 80
188, 134, 60
179, 133, 49
181, 125, 45
180, 120, 30
183, 129, 29
187, 123, 27
193, 121, 9
180, 114, 4
189, 119, -3
187, 121, -15
181, 113, -19
185, 111, -23
164, 112, -42
165, 111, -43
161, 111, -51
160, 110, -50
170, 100, -56
162, 106, -58
155, 109, -71
154, 114, -76
152, 112, -82
155, 115, -80
149, 113, -83
148, 122, -92
136, 118, -102
132, 110, -106
126, 110, -100
116, 106, -104
106, 104, -108
83, 97, -119
76, 98, -118
70, 90, -124
69, 81, -118
65, 93, -125
69, 83, -117
53, 91, -121
47, 88, -124
29, 85, -127
26, 76, -126
22, 86, -120
18, 74, -112
10, 88, -118
20, 84, -114
7, 91, -118
7, 81, -111
9, 89, -119
11, 81, -113
13, 85, -109
10, 78, -118
10, 82, -118
25, 81, -113
27, 85, -119
35, 77, -117
40, 84, -122
48, 78, -118
70, 86, -122
75, 91, -119
78, 100, -118
104, 97, -115
117, 105, -105
120, 104, -104
126, 116, -98
147, 105, -87
147, 123, -91
154, 116, -80
158, 114, -68
177, 123, -63
183, 123, -61
184, 124, -48
191, 137, -43
199, 133, -39
187, 135, -39
200, 136, -24
209, 149, -21
213, 157, -1
210, 148, 12
207, 149, 23
197, 155, 53
203, 151, 61
202, 156, 74
200, 164, 90
200, 180, 90
209, 187, 101
207, 197, 107
209, 201, 117
211, 213, 115
203, 221, 127
208, 234, 136
204, 264, 146
201, 275, 167
196, 284, 164
188, 296, 182
162, 304, 192
151, 307, 211
138, 320, 206
114, 328, 206
90, 328, 226
74, 332, 222
65, 345, 213
61, 345, 225
57, 345, 229
50, 348, 222
45, 343, 223
47, 335, 223
33, 333, 221
37, 341, 227
27, 343, 231
12, 338, 220
15, 339, 223
-6, 342, 228
-14, 346, 222
-22, 354, 220
-38, 340, 220
-47, 335, 209
-54, 340, 206
-57, 341, 207
-60, 332, 206
-62, 342, 200
-72, 336, 196
-79, 339, 195
-80, 342, 196
-87, 335, 201
-94, 340, 192
-94, 344, 188
-88, 336, 186
-96, 336, 196
-96, 334, 190
-101, 333, 187
-88, 330, 186
-87, 341, 197
-79, 347, 189
-73, 345, 197
-62, 358, 212
-63, 357, 203
-57, 361, 211
-42, 362, 206
-40, 356, 212
-40, 352, 210
-38, 348, 212
-31, 355, 207
-28, 356, 222
-10, 360, 212
-7, 361, 213
12, 364, 210
11, 365, 209
11, 369, 207
19, 369, 221
27, 369, 209
20, 376, 220
30, 378, 214
33, 378, 214
35, 373, 209
47, 377, 217
46, 376, 218
49, 363, 213
51, 371, 203
46, 378, 224
48, 364, 219
57, 363, 213
71, 359, 219
82, 360, 202
76, 359, 213
95, 365, 201
102, 364, 200
117, 361, 205
118, 364, 192
136, 362, 194
132, 370, 180
139, 389, 170
131, 399, 163
145, 405, 157
153, 405, 161
158, 404, 150
164, 408, 152
177, 393, 143
185, 389, 125
196, 382, 122
203, 369, 111
208, 366, 100
213, 367, 93
222, 362, 66
232, 364, 62
236, 368, 56
237, 372, 36
237, 357, 27
241, 367, 21
237, 375, 5
234, 380, -14
231, 393, -35
225, 395, -43
223, 397, -39
228, 402, -32
224, 396, -42
230, 400, -40
225, 399, -51
222, 402, -48
233, 403, -51
222, 406, -54
226, 390, -54
224, 398, -54
216, 398, -56
232, 402, -56
222, 396, -48
229, 397, -49
228, 388, -48
231, 405, -53
223, 399, -33
231, 397, -45
229, 387, -33
232, 386, -24
233, 381, -17
235, 385, -7
231, 387, -3
236, 382, 0
237, 373, 15
232, 364, 24
245, 361, 37
236, 352, 42
236, 356, 46
228, 354, 44
235, 355, 47
232, 348, 66
225, 341, 83
223, 351, 83
226, 358, 104
216, 354, 96
208, 344, 112
204, 334, 124
204, 344, 132
188, 346, 142
190, 358, 140
185, 361, 151
176, 372, 166
160, 366, 172
167, 367, 175
147, 351, 175
149, 353, 187
152, 354, 180
141, 347, 185
140, 348, 194
135, 341, 195
124, 358, 188
125, 339, 203
100, 354, 204
90, 354, 202
72, 358, 214
59, 355, 211
52, 350, 216
41, 367, 217
35, 373, 213
24, 374, 214
20, 374, 204
23, 381, 213
17, 379, 201
-2, 392, 200
6, 394, 202
-3, 393, 199
-9, 405, 195
-13, 399, 191
-37, 405, 189
-44, 400, 184
-44, 404, 180
-47, 415, 185
-45, 409, 175
-47, 418, 174
-58, 416, 170
-54, 432, 158
-65, 435, 159
-68, 432, 160
-63, 441, 151
-69, 435, 145
-62, 430, 146
-77, 441, 145
-72, 436, 142
-73, 447, 147
-68, 432, 144
-84, 436, 140
-81, 435, 141
-74, 430, 142
-62, 424, 166
-54, 428, 174
-33, 429, 175
-34, 426, 177
-23, 415, 191
-16, 418, 188
-15, 409, 189
-2, 405, 199
22, 396, 202
27, 397, 199
41, 393, 193
44, 394, 200
59, 399, 209
60, 394, 194
64, 392, 195
68, 382, 194
61, 385, 205
68, 378, 196
72, 382, 196
91, 375, 189
108, 384, 182
125, 381, 171
146, 380, 162
161, 387, 155
181, 377, 151
180, 378, 144
182, 366, 150
189, 349, 157
194, 354, 140
207, 355, 127
210, 358, 122
215, 345, 123
215, 339, 109
214, 342, 102
226, 342, 104
231, 343, 93
226, 346, 76
229, 347, 67
230, 346, 58
232, 360, 42
225, 359, 39
234, 364, 26
233, 365, 23
232, 368, 26
234, 370, 24
236, 382, 14
235, 381, -7
232, 390, -12
232, 396, -22
236, 388, -32
231, 391, -47
235, 383, -39
232, 380, -42
231, 377, -45
232, 382, -42
234, 380, -50
227, 385, -45
220, 382, -54
235, 387, -45
232, 384, -46
235, 383, -35
233, 379, -29
233, 371, -31
239, 371, -23
239, 373, -21
235, 375, -23
237, 373, -13
239, 367, -17
233, 365, -7
238, 366, 10
228, 372, 20
231, 393, 11
226, 396, 18
222, 400, 33
216, 414, 48
206, 420, 46
198, 438, 46
192, 442, 58
181, 443, 57
175, 447, 71
175, 453, 75
163, 457, 81
166, 456, 78
157, 453, 85
163, 463, 89
162, 446, 84
163, 441, 91
161, 447, 95
168, 434, 106
176, 430, 104
174, 440, 98
172, 434, 90
181, 443, 67
190, 438, 52
191, 439, 45
200, 438, 38
201, 429, 43
211, 433, 27
207, 441, 23
213, 429, 11
212, 438, 0
221, 437, -7
210, 446, -16
210, 440, -18
215, 441, -23
220, 434, -28
216, 428, -28
216, 430, -30
215, 431, -37
213, 429, -33
212, 424, -22
220, 430, -30
216, 430, -30
216, 422, -24
224, 414, -10
231, 423, 7
222, 420, 16
226, 416, 12
219, 411, 11
227, 409, -1
235, 397, 9
228, 398, 12
235, 395, 11
233, 393, 5
230, 398, 14
232, 396, 0
241, 395, 5
231, 397, -3
235, 399, -3
233, 393, -7
232, 398, -8
235, 399, -15
240, 398, -22
227, 393, -23
235, 393, -19
236, 392, -32
237, 391, -25
228, 394, -28
232, 398, -30
231, 405, -39
230, 406, -46
227, 405, -45
228, 414, -52
232, 406, -56
223, 407, -63
223, 407, -55
231, 403, -55
233, 395, -55
226, 394, -62
225, 401, -61
222, 392, -66
221, 407, -97
216, 396, -116
204, 392, -136
191, 393, -158
169, 389, -177
158, 400, -176
144, 400, -188
143, 404, -194
141, 395, -197
139, 389, -197
132, 394, -210
116, 392, -216
101, 395, -223
91, 399, -225
82, 406, -222
66, 414, -228
48, 408, -232
38, 412, -234
32, 407, -233
8, 404, -240
2, 404, -240
-23, 391, -235
-25, 387, -235
-36, 394, -226
-55, 381, -235
-67, 383, -231
-78, 376, -224
-86, 388, -214
-80, 380, -214
-83, 385, -219
-91, 379, -209
-100, 388, -206
-84, 398, -202
-101, 391, -199
-105, 391, -203
-102, 382, -200
-112, 380, -200
-118, 392, -186
-128, 396, -170
-143, 389, -159
-143, 395, -153
-145, 397, -145
-136, 404, -142
-142, 406, -146
-140, 400, -152
-145, 409, -133
-154, 408, -120
-149, 407, -121
-159, 409, -109
-161, 411, -101
-164, 416, -90
-173, 415, -89
-172, 414, -86
-175, 407, -79
-176, 408, -80
-180, 398, -72
-181, 407, -67
-175, 409, -65
-177, 415, -59
-173, 403, -45
-175, 397, -51
-183, 403, -31
-179, 403, -29
-188, 400, -20
-181, 403, -21
-187, 411, -9
-180, 402, 6
-183, 405, 15
-179, 411, 27
-178, 404, 36
-169, 399, 43
-175, 403, 49
-172, 404, 68
-154, 412, 86
-144, 398, 106
-137, 407, 119
-120, 400, 138
-107, 403, 143
-102, 404, 150
-92, 404, 158
-83, 399, 165
-56, 398, 180
-35, 391, 189
-26, 386, 198
-20, 390, 207
2, 378, 202
15, 385, 205
22, 382, 206
38, 390, 206
46, 388, 202
55, 397, 203
65, 393, 199
62, 392, 190
70, 410, 190
75, 401, 187
77, 403, 183
87, 403, 187
94, 406, 190
102, 416, 174
107, 409, 175
110, 414, 170
109, 405, 167
124, 404, 168
122, 406, 168
142, 404, 164
147, 413, 157
153, 413, 155
152, 412, 150
159, 415, 153
149, 409, 145
159, 411, 149
153, 407, 151
139, 415, 151
144, 414, 156
129, 399, 161
122, 398, 178
101, 389, 173
109, 397, 181
83, 401, 183
69, 393, 189
50, 394, 192
42, 394, 194
12, 398, 190
-10, 400, 184
-21, 413, 189
-40, 418, 176
-63, 419, 161
-76, 418, 152
-84, 416, 160
-102, 420, 126
-110, 428, 114
-124, 424, 92
-139, 423, 81
-146, 420, 70
-141, 425, 59
-149, 413, 59
-156, 418, 40
-165, 415, 29
-169, 417, 15
-175, 419, 1
-178, 406, -14
-180, 398, -28
-180, 406, -36
-187, 393, -57
-176, 386, -74
-178, 388, -74
-168, 394, -90
-174, 396, -86
-169, 389, -97
-169, 381, -113
-162, 388, -122
-153, 385, -129
-159, 373, -133
-153, 393, -137
-156, 384, -139
-150, 384, -146
-131, 389, -153
-127, 395, -157
-123, 397, -159
-117, 399, -163
-120, 392, -162
-117, 401, -179
-98, 406, -188
-90, 402, -198
-73, 401, -197
-68, 402, -198
-63, 397, -205
-53, 403, -215
-45, 401, -215
-38, 408, -216
-12, 406, -224
-5, 403, -223
3, 403, -229
14, 404, -226
20, 408, -228
25, 409, -229
44, 406, -222
67, 407, -215
75, 413, -211
90, 416, -208
102, 408, -192
114, 412, -192
127, 421, -177
140, 422, -168
143, 423, -143
158, 430, -146
168, 428, -132
177, 429, -121
183, 433, -103
182, 430, -88
195, 429, -91
191, 429, -75
203, 425, -59
207, 427, -43
204, 422, -36
209, 427, -29
208, 424, -12
214, 422, -10
213, 425, -1
212, 422, -4
212, 424, 10
209, 429, 5
210, 420, 22
201, 407, 35
204, 424, 42
207, 415, 43
210, 416, 52
203, 407, 59
204, 408, 56
206, 410, 54
192, 414, 54
202, 414, 54
205, 415, 55
208, 416, 36
206, 418, 34
207, 423, 33
201, 429, 21
204, 425, 7
203, 425, -1
207, 435, -31
204, 428, -44
198, 422, -66
193, 417, -77
194, 422, -88
188, 426, -107
178, 420, -116
165, 423, -135
158, 426, -144
142, 416, -164
137, 409, -179
115, 413, -185
109, 421, -191
94, 418, -200
90, 414, -206
77, 405, -211
72, 408, -219
57, 405, -211
40, 412, -212
20, 412, -214
11, 409, -223
-15, 409, -209
-21, 409, -217
-36, 410, -212
-49, 405, -211
-68, 406, -202
-76, 406, -196
-94, 404, -184
-102, 404, -178
-120, 414, -154
-124, 412, -146
-132, 412, -132
-148, 408, -108
-155, 411, -97
-160, 408, -84
-167, 409, -71
-167, 413, -33
-170, 412, -10
-174, 412, 10
-166, 402, 34
-153, 399, 55
-143, 409, 61
-143, 409, 91
-135, 401, 101
-131, 401, 123
-113, 399, 137
-105, 397, 143
-90, 390, 160
-74, 384, 166
-65, 387, 171
-40, 384, 178
-32, 380, 192
-27, 387, 197
-13, 391, 195
-1, 389, 191
16, 384, 194
18, 382, 200
31, 371, 203
44, 366, 202
46, 370, 200
60, 374, 198
70, 366, 196
73, 375, 203
74, 374, 204
88, 356, 188
99, 361, 193
101, 357, 189
110, 364, 188
119, 363, 179
129, 373, 179
129, 373, 175
144, 378, 178
136, 370, 168
138, 374, 174
137, 377, 167
139, 379, 170
140, 380, 166
136, 384, 168
128, 378, 170
130, 375, 175
126, 374, 180
121, 371, 189
112, 360, 188
88, 364, 198
78, 360, 202
69, 369, 209
47, 377, 210
23, 385, 205
12, 378, 202
0, 380, 200
-16, 386, 198
-25, 393, 189
-48, 396, 184
-60, 396, 176
-79, 405, 163
-91, 405, 149
-113, 413, 127
-116, 424, 102
-139, 421, 81
-141, 419, 75
-136, 430, 74
-150, 418, 60
-146, 420, 34
-158, 432, 32
-163, 421, 25
-150, 422, 20
-157, 419, 7
-161, 419, 1
-168, 414, -10
-168, 416, -30
-150, 420, -36
-159, 425, -39
-163, 417, -49
-160, 418, -60
-151, 421, -69
-146, 428, -72
-144, 424, -76
-148, 424, -96
-139, 427, -109
-138, 422, -116
-124, 430, -128
-128, 432, -124
-119, 437, -135
-117, 427, -137
-108, 426, -146
-107, 423, -143
-91, 437, -159
-91, 439, -161
-62, 448, -170
-51, 441, -179
-41, 433, -173
-33, 437, -179
-30, 448, -172
-30, 456, -170
-8, 456, -183
2, 458, -178
13, 461, -175
9, 463, -179
22, 467, -173
29, 461, -175
33, 471, -169
42, 460, -178
52, 464, -168
49, 471, -159
70, 480, -158
81, 469, -156
89, 479, -149
98, 470, -140
103, 477, -137
116, 476, -128
113, 481, -115
123, 483, -111
135, 473, -105
147, 475, -81
156, 468, -66
166, 468, -50
157, 473, -7
155, 467, 5
150, 468, 24
147, 469, 43
148, 462, 68
140, 462, 84
141, 455, 77
131, 465, 79
128, 468, 90
125, 453, 89
125, 457, 101
129, 457, 119
126, 454, 112
115, 453, 127
122, 450, 112
131, 455, 117
127, 451, 113
135, 449, 107
134, 454, 98
137, 453, 99
146, 450, 92
164, 444, 76
167, 437, 79
173, 431, 77
179, 427, 65
176, 416, 70
193, 417, 63
212, 394, 52
217, 381, 41
216, 374, 36
227, 373, 27
222, 366, 26
231, 371, 25
230, 370, 20
233, 367, 1
233, 361, -13
227, 369, -29
233, 365, -39
226, 358, -50
229, 355, -63
232, 336, -74
225, 345, -79
225, 335, -79
225, 329, -91
222, 328, -112
228, 332, -122
219, 321, -129
206, 322, -142
207, 319, -147
197, 305, -161
183, 309, -165
184, 304, -182
173, 297, -189
166, 296, -194
156, 282, -198
154, 280, -210
139, 283, -211
136, 280, -220
126, 274, -222
128, 274, -224
109, 263, -229
110, 262, -226
85, 261, -229
87, 244, -234
79, 245, -231
68, 240, -232
53, 235, -241
37, 241, -233
17, 235, -241
15, 237, -239
5, 237, -234
-15, 237, -235
-28, 228, -226
-49, 241, -225
-55, 239, -219
-81, 243, -217
-93, 229, -211
-100, 238, -202
-118, 240, -192
-130, 242, -184
-135, 231, -169
-136, 234, -167
-153, 235, -147
-158, 234, -136
-161, 237, -129
-170, 238, -118
-184, 244, -106
-185, 237, -77
-189, 239, -63
-191, 239, -43
-191, 239, -21
-186, 238, 0
-175, 229, 11
-177, 233, 29
-178, 218, 40
-172, 226, 66
-175, 223, 77
-155, 225, 105
-150, 214, 116
-147, 215, 125
-134, 222, 132
-120, 224, 156
-116, 230, 158
-94, 220, 166
-99, 227, 177
-92, 224, 168
-88, 220, 178
-75, 217, 171
-72, 202, 178
-62, 206, 182
-67, 211, 191
-60, 212, 176
-53, 219, 185
-44, 212, 188
-43, 193, 199
-32, 212, 182
-24, 198, 188
-36, 204, 188
-8, 194, 186
-16, 198, 198
-23, 193, 203
-28, 198, 198
-39, 210, 194
-32, 204, 182
-50, 194, 192
-58, 198, 184
-61, 205, 177
-68, 206, 172
-89, 209, 177
-92, 218, 168
-95, 217, 169
-103, 211, 165
-114, 204, 158
-121, 216, 138
-121, 209, 141
-135, 211, 137
-132, 212, 126
-138, 204, 116
-138, 204, 108
-150, 198, 96
-156, 188, 84
-164, 188, 64
-163, 195, 75
-163, 187, 71
-169, 179, 59
-161, 183, 57
-161, 179, 43
-164, 182, 34
-174, 168, 32
-166, 180, 14
-171, 173, 3
-167, 171, -2
-161, 181, -19
-162, 172, -26
-153, 179, -31
-147, 169, -43
-155, 171, -57
-152, 172, -62
-161, 169, -67
-154, 162, -70
-142, 168, -80
-146, 174, -86
-149, 159, -95
-142, 164, -114
-133, 159, -119
-134, 166, -122
-126, 158, -130
-112, 160, -130
-108, 154, -134
-96, 164, -132
-101, 151, -147
-93, 145, -151
-95, 147, -161
-85, 145, -155
-75, 153, -157
-76, 150, -160
-64, 144, -166
-52, 132, -170
-42, 146, -180
-33, 145, -177
-20, 158, -178
-20, 156, -188
-8, 146, -186
-9, 151, -183
-1, 157, -193
11, 153, -199
26, 154, -196
26, 156, -206
35, 153, -197
56, 154, -196
49, 165, -203
54, 152, -206
65, 169, -203
68, 174, -206
69, 163, -205
71, 169, -205
82, 162, -198
82, 168, -198
88, 164, -196
99, 177, -197
109, 171, -195
103, 167, -193
122, 174, -184
119, 167, -173
132, 172, -174
140, 168, -166
143, 169, -157
137, 161, -153
151, 163, -151
154, 164, -138
156, 164, -133
165, 163, -131
157, 149, -127
167, 157, -121
160, 153, -107
172, 140, -98
164, 144, -100
166, 138, -94
164, 138, -100
164, 132, -92
162, 126, -80
165, 129, -71
157, 125, -85
162, 132, -80
159, 133, -71
167, 120, -74
159, 125, -73
157, 127, -69
155, 133, -77
167, 129, -77
170, 126, -86
164, 132, -84
155, 125, -101
159, 135, -85
158, 140, -104
162, 136, -104
148, 130, -110
145, 139, -123
139, 141, -135
134, 144, -140
130, 144, -148
117, 151, -153
119, 149, -165
110, 158, -166
105, 147, -165
99, 143, -171
94, 146, -188
90, 158, -192
78, 154, -200
80, 150, -198
62, 148, -200
64, 158, -206
64, 148, -190
53, 155, -201
52, 144, -202
48, 160, -198
37, 157, -203
34, 152, -204
29, 147, -195
23, 139, -193
19, 141, -195
3, 143, -193
8, 136, -190
-3, 133, -189
-11, 131, -189
-16, 138, -188
-31, 131, -193
-22, 142, -188
-37, 145, -189
-44, 140, -172
-58, 136, -168
-70, 140, -168
-70, 136, -154
-77, 145, -151
-77, 143, -151
-88, 144, -148
-93, 143, -143
-89, 141, -127
-95, 147, -135
-111, 133, -131
-110, 138, -126
-117, 145, -115
-112, 134, -114
-124, 138, -108
-110, 140, -106
-119, 139, -101
-115, 139, -97
-117, 135, -87
-123, 135, -83
-118, 142, -84
-121, 129, -81
-113, 127, -72
-121, 127, -65
-118, 132, -56
-117, 137, -59
-117, 126, -48
-123, 125, -47
-113, 127, -41
-120, 122, -36
-122, 106, -30
-102, 116, -24
-115, 109, -19
-114, 116, -10
-118, 116, 2
-115, 105, 13
-104, 106, 8
-99, 101, 19
-89, 95, 25
-79, 93, 35
-77, 103, 33
-75, 111, 41
-87, 103, 49
-74, 92, 46
-79, 99, 54
-75, 113, 65
-84, 104, 60
-67, 103, 75
-80, 96, 68
-69, 105, 65
-70, 104, 70
-68, 108, 78
-77, 115, 75
-75, 103, 73
-70, 120, 78
-82, 108, 86
-75, 107, 81
-80, 110, 76
-76, 114, 78
-83, 113, 71
-84, 104, 66
-92, 112, 42
-98, 110, 28
-105, 107, 33
-98, 106, -10
-99, 113, -25
-105, 109, -47
-105, 119, -67
-104, 112, -80
-95, 125, -95
-102, 120, -102
-89, 121, -121
-78, 120, -126
-82, 126, -122
-67, 131, -131
-64, 132, -146
-53, 137, -141
-48, 126, -152
-29, 127, -155
-17, 125, -161
-9, 129, -169
5, 121, -173
6, 134, -174
13, 139, -185
25, 133, -177
34, 144, -184
48, 150, -200
58, 150, -196
61, 157, -197
74, 166, -198
88, 168, -202
89, 169, -195
100, 170, -194
103, 177, -203
115, 183, -199
123, 189, -187
130, 192, -192
148, 194, -184
145, 199, -175
143, 197, -183
160, 200, -172
169, 203, -173
173, 201, -169
173, 201, -157
179, 203, -157
170, 198, -146
186, 204, -160
179, 211, -161
182, 208, -156
186, 212, -156
183, 217, -165
179, 215, -163
184, 214, -170
176, 210, -164
168, 212, -170
164, 210, -190
157, 217, -193
150, 216, -200
151, 209, -195
151, 217, -207
145, 203, -201
135, 205, -207
128, 198, -204
130, 208, -208
124, 208, -218
124, 208, -224
119, 205, -227
121, 211, -227
111, 215, -221
115, 202, -228
104, 194, -230
96, 202, -238
106, 206, -232
111, 205, -233
104, 210, -240
93, 213, -237
83, 217, -244
80, 210, -240
83, 211, -247
82, 202, -246
82, 197, -233
86, 196, -238
80, 192, -244
80, 200, -242
77, 199, -241
68, 206, -252
69, 195, -249
58, 200, -246
61, 201, -251
57, 203, -245
56, 200, -246
51, 209, -243
47, 197, -247
50, 198, -246
52, 200, -248
39, 189, -245
42, 192, -246
34, 196, -240
32, 198, -242
30, 194, -250
30, 194, -252
23, 185, -243
18, 184, -248
5, 191, -241
16, 196, -240
4, 190, -234
11, 193, -247
-12, 196, -246
-10, 194, -240
-17, 195, -237
-31, 189, -239
-26, 196, -238
-29, 185, -235
-25, 191, -237
-21, 189, -243
-23, 191, -231
-35, 199, -229
-43, 189, -225
-80, 174, -200
-75, 161, -195
-83, 169, -195
-77, 169, -199
-70, 166, -206
-79, 171, -197
-76, 184, -198
-72, 200, -202
-80, 184, -204
-76, 194, -208
-87, 179, -209
-89, 183, -203
-78, 182, -206
-78, 186, -208
-85, 189, -213
-82, 192, -212
-72, 206, -216
-73, 197, -211
-79, 181, -219
-78, 178, -212
-88, 176, -204
-90, 172, -206
-84, 174, -210
-81, 181, -207
-77, 189, -203
-76, 182, -212
-65, 187, -209
-70, 180, -206
-69, 171, -197
-85, 159, -193
-76, 170, -190
-76, 166, -182
-85, 168, -186
-89, 169, -177
-100, 160, -174
-111, 161, -169
-104, 164, -154
-113, 151, -161
-109, 151, -145
-116, 152, -136
-124, 156, -134
-123, 155, -121
-124, 158, -110
-129, 147, -97
-125, 137, -81
-125, 131, -73
-124, 134, -72
-137, 131, -61
-140, 134, -56
-135, 129, -43
-129, 135, -30
-140, 126, -12
-137, 129, -7
-133, 127, 17
-131, 134, 36
-142, 134, 40
-134, 132, 44
-131, 135, 33
-138, 138, 54
-137, 139, 59
-144, 142, 66
-137, 155, 80
-130, 162, 102
-129, 171, 109
-127, 169, 115
-133, 177, 121
-136, 184, 122
-126, 194, 128
-132, 202, 142
-124, 200, 144
-128, 200, 146
-125, 195, 149
-113, 199, 145
-106, 198, 156
-99, 199, 167
-88, 206, 172
-86, 214, 178
-68, 216, 188
-64, 216, 192
-52, 216, 192
-48, 224, 196
-34, 212, 196
-24, 218, 204
-14, 218, 205
-3, 217, 207
-6, 234, 206
-10, 234, 206
3, 241, 215
8, 246, 208
-1, 245, 213
4, 244, 216
15, 245, 215
12, 260, 212
16, 256, 210
16, 264, 214
6, 258, 222
4, 258, 212
0, 272, 210
-6, 262, 214
-8, 260, 216
-12, 252, 212
-15, 257, 211
-29, 255, 215
-37, 243, 203
-33, 243, 207
-52, 244, 200
-67, 237, 193
-77, 227, 197
-83, 223, 195
-94, 216, 176
-91, 215, 171
-107, 197, 159
-109, 191, 155
-111, 187, 137
-125, 169, 123
-130, 160, 96
-129, 151, 87
-125, 141, 53
-129, 127, 61
-124, 140, 54
-138, 130, 36
-136, 126, 28
-124, 122, 28
-114, 112, 18
-120, 114, 16
-113, 103, 15
-101, 107, -1
-105, 107, -3
-86, 102, 0
-80, 102, -6
-77, 95, -9
-70, 96, -16
-52, 86, -28
-48, 80, -28
-47, 83, -39
-41, 89, -35
-25, 79, -29
-31, 75, -31
-13, 73, -31
-8, 78, -28
-18, 70, -30
2, 82, -30
6, 74, -34
20, 86, -12
29, 85, -15
20, 84, -14
35, 79, -3
36, 70, 0
34, 86, 6
40, 72, -8
42, 76, 6
39, 85, -1
51, 77, 11
48, 80, 14
55, 79, 31
48, 76, 28
54, 84, 32
60, 86, 38
61, 75, 35
61, 85, 45
58, 82, 34
54, 76, 32
45, 85, 35
47, 79, 47
50, 80, 43
45, 83, 45
54, 76, 36
51, 81, 43
45, 78, 30
43, 77, 33
18, 86, 30
25, 77, 39
23, 89, 35
27, 73, 33
18, 84, 32
10, 82, 38
1, 81, 23
0, 76, 36
0, 68, 36
-13, 85, 37
-13, 77, 25
-20, 84, 30
-26, 84, 24
-31, 85, 15
-53, 91, 27
-46, 80, 20
-49, 85, 25
-62, 84, 32
-60, 96, 28
-75, 95, 31
-83, 96, 32
-83, 97, 33
-90, 96, 36
-91, 97, 43
-87, 117, 53
-102, 116, 76
-104, 118, 82
-100, 128, 79
-93, 125, 91
-101, 125, 97
-85, 133, 97
-96, 138, 104
-90, 134, 108
-89, 135, 113
-77, 143, 129
-66, 144, 132
-69, 139, 131
-62, 142, 146
-49, 137, 148
-38, 150, 164
-25, 149, 165
-17, 145, 167
-7, 140, 170
7, 145, 159
17, 127, 157
26, 132, 152
24, 128, 152
29, 129, 157
36, 140, 150
39, 135, 157
49, 133, 159
56, 128, 150
59, 135, 145
60, 132, 142
60, 128, 140
58, 126, 150
61, 121, 151
71, 133, 147
67, 139, 149
76, 132, 146
68, 128, 148
62, 130, 146
47, 121, 147
27, 125, 141
31, 115, 133
5, 117, 133
3, 109, 135
-2, 114, 120
-24, 116, 114
-46, 110, 108
-42, 108, 106
-49, 109, 91
-49, 101, 79
-51, 105, 73
-64, 102, 74
-60, 106, 72
-73, 109, 63
-75, 103, 59
-58, 102, 58
-81, 97, 53
-76, 96, 32
-90, 100, 34
-80, 88, 32
-74, 98, 14
-72, 88, 10
-72, 92, 6
-68, 92, 12
-69, 87, -13
-62, 88, -14
-63, 91, -13
-59, 89, -21
-67, 85, -21
-64, 90, -12
-75, 87, -11
-71, 91, -13
-76, 104, 0
-84, 94, 8
-88, 96, 28
-81, 115, 53
-85, 109, 77
-77, 119, 93
-66, 110, 100
-56, 114, 112
-53, 115, 105
-49, 119, 115
-42, 122, 126
-51, 119, 119
-35, 113, 125
-27, 123, 130
-26, 122, 138
-24, 120, 148
-17, 113, 143
-6, 116, 138
9, 123, 147
9, 119, 143
21, 119, 137
15, 119, 149
41, 119, 133
36, 108, 138
44, 112, 133
42, 120, 136
42, 122, 134
48, 112, 128
50, 108, 118
62, 108, 118
64, 112, 116
59, 105, 117
65, 117, 107
67, 107, 113
68, 110, 112
74, 112, 123
70, 106, 116
80, 110, 118
70, 114, 116
67, 107, 113
76, 122, 120
72, 116, 122
89, 119, 119
86, 114, 118
88, 130, 126
90, 120, 120
87, 121, 123
83, 109, 123
86, 124, 124
82, 120, 122
81, 120, 126
72, 120, 136
65, 125, 133
60, 128, 140
49, 121, 141
42, 122, 138
30, 118, 140
11, 107, 129
3, 115, 119
-6, 118, 120
0, 114, 116
-8, 106, 122
-10, 114, 124
-15, 113, 119
-11, 111, 111
-17, 119, 111
-38, 112, 114
-41, 121, 115
-49, 113, 109
-47, 123, 99
-62, 112, 98
-75, 119, 97
-78, 116, 90
-79, 117, 71
-82, 108, 64
-78, 106, 60
-80, 110, 54
-72, 108, 38
-87, 105, 41
-85, 105, 29
-81, 91, 21
-78, 100, 12
-77, 95, 11
-76, 94, 2
-72, 90, 4
-66, 90, 0
-66, 96, -8
-59, 93, -3
-75, 87, 1
-71, 99, -7
-68, 94, -14
-70, 100, -10
-66, 94, -14
-66, 92, -10
-72, 84, -4
-70, 98, -14
-69, 101, -17
-74, 98, -18
-77, 101, -19
-63, 103, -9
-77, 97, -7
-86, 94, 4
-84, 108, 20
-86, 106, 40
-84, 110, 64
-86, 112, 72
-89, 123, 87
-92, 134, 104
-81, 127, 119
-72, 136, 138
-37, 139, 159
-25, 149, 173
-14, 154, 168
-15, 147, 169
-17, 145, 173
-4, 148, 172
8, 152, 170
17, 153, 169
10, 146, 168
42, 150, 174
45, 157, 173
60, 158, 172
73, 167, 175
80, 162, 178
88, 170, 170
88, 160, 170
91, 159, 167
102, 168, 157
99, 165, 163
91, 163, 163
106, 164, 154
105, 170, 164
112, 168, 152
125, 175, 161
118, 168, 154
136, 158, 152
120, 166, 154
131, 167, 153
132, 164, 138
128, 154, 146
119, 153, 145
116, 152, 140
116, 149, 153
109, 149, 145
105, 153, 147
108, 144, 148
88, 146, 158
74, 150, 170
59, 155, 171
56, 158, 178
27, 157, 181
22, 150, 178
13, 141, 167
-5, 140, 148
-17, 131, 149
-20, 118, 128
-39, 125, 127
-51, 115, 111
-54, 116, 108
-56, 104, 92
-60, 108, 58
-52, 94, 48
-54, 92, 44
-48, 94, 18
-40, 88, 10
-28, 86, 0
-20, 78, -8
-5, 87, -21
-3, 75, -29
16, 76, -44
25, 75, -37
34, 74, -40
37, 73, -53
45, 89, -53
57, 75, -73
62, 80, -76
70, 78, -76
74, 84, -80
80, 88, -76
80, 86, -72
77, 91, -85
85, 91, -89
67, 91, -87
52, 80, -90
55, 87, -91
41, 79, -89
21, 83, -91
-7, 85, -75
-30, 90, -80
-49, 91, -77
-63, 97, -67
-69, 107, -63
-74, 104, -58
-84, 106, -52
-94, 108, -64
-105, 121, -45
-124, 118, -26
-128, 126, -4
-141, 131, 27
-124, 134, 46
-119, 149, 63
-115, 153, 77
-121, 155, 87
-111, 161, 113
-95, 157, 127
-76, 164, 140
-64, 176, 156
-55, 167, 159
-48, 160, 162
-50, 176, 172
-42, 172, 162
-38, 174, 180
-43, 173, 175
-38, 176, 174
-52, 184, 168
-55, 175, 165
-77, 177, 161
-80, 174, 146
-97, 165, 141
-103, 169, 131
-118, 168, 114
-119, 163, 97
-136, 150, 86
-125, 145, 81
-129, 137, 39
-126, 136, 14
-120, 126, -20
-101, 113, -37
-94, 102, -54
-78, 114, -64
-70, 102, -89
-43, 101, -91
-19, 91, -105
-3, 91, -99
13, 77, -111
37, 83, -111
40, 88, -106
44, 84, -108
55, 83, -99
74, 88, -98
77, 89, -101
83, 89, -83
88, 100, -86
104, 98, -80
103, 93, -75
101, 95, -69
113, 89, -71
103, 95, -71
107, 91, -69
111, 95, -71
108, 88, -64
102, 98, -72
104, 92, -80
87, 95, -101
82, 100, -94
63, 93, -105
30, 88, -120
8, 90, -122
-5, 87, -127
-6, 100, -128
-39, 113, -129
-58, 114, -130
-67, 115, -117
-84, 118, -111
-97, 125, -111
-102, 136, -108
-118, 138, -106
-129, 134, -106
-135, 151, -83
-149, 153, -73
-153, 153, -59
-155, 167, -37
-159, 171, -25
-162, 164, 2
-174, 176, 18
-166, 176, 38
-159, 179, 53
-156, 190, 80
-160, 188, 88
-146, 198, 112
-137, 213, 121
-128, 202, 132
-123, 197, 145
-109, 203, 155
-101, 199, 165
-93, 197, 163
-81, 207, 171
-71, 207, 177
-66, 218, 174
-66, 212, 196
-54, 212, 188
-51, 217, 191
-46, 224, 196
-46, 220, 184
-52, 216, 198
-49, 209, 199
-50, 210, 190
-53, 207, 177
-75, 199, 177
-79, 201, 173
-92, 204, 168
-96, 194, 152
-103, 191, 151
-114, 190, 136
-119, 187, 129
-128, 184, 116
-128, 180, 112
-130, 176, 110
-143, 183, 95
-141, 165, 85
-138, 172, 70
-148, 162, 54
-140, 154, 40
-147, 145, 19
-134, 148, 8
-134, 142, -18
-125, 133, -35
-121, 133, -43
-116, 114, -48
-108, 110, -76
-91, 113, -87
-76, 108, -76
-67, 109, -89
-48, 102, -90
-49, 97, -97
-30, 98, -96
-8, 88, -96
15, 85, -101
27, 83, -103
39, 89, -99
69, 77, -97
74, 78, -94
94, 86, -72
92, 90, -72
108, 82, -54
113, 85, -53
110, 92, -36
112, 92, -30
115, 85, -19
115, 79, -15
115, 83, -9
109, 83, -7
98, 86, -6
98, 80, -2
92, 78, 6
88, 86, 8
77, 83, 5
57, 85, 17
48, 86, 12
42, 74, 16
25, 89, 3
28, 80, 10
1, 79, 3
0, 70, 28
-11, 85, 19
-16, 80, 24
-31, 81, 23
-36, 80, 34
-46, 82, 20
-42, 92, 48
-52, 94, 56
-60, 92, 62
-51, 109, 75
-66, 98, 82
-72, 110, 80
-74, 106, 78
-78, 112, 85
-77, 115, 93
-83, 131, 101
-86, 138, 120
-82, 157, 129
-100, 144, 128
-94, 158, 130
-102, 152, 122
-103, 155, 121
-118, 164, 120
-120, 166, 126
-126, 184, 123
-128, 194, 124
-133, 189, 127
-130, 190, 124
-137, 188, 120
-132, 192, 124
-135, 187, 125
-135, 201, 129
-135, 205, 137
-137, 199, 135
-136, 208, 130
-133, 211, 134
-144, 224, 144
-150, 226, 138
-148, 244, 142
-149, 235, 141
-143, 255, 147
-148, 242, 150
-136, 256, 142
-143, 255, 151
-142, 270, 150
-146, 272, 154
-147, 271, 147
-148, 268, 150
-150, 262, 150
-146, 256, 148
-141, 253, 147
-145, 253, 153
-146, 256, 140
-150, 248, 144
-156, 246, 140
-161, 261, 131
-173, 253, 127
-176, 254, 114
-185, 261, 91
-191, 257, 95
-181, 257, 89
-194, 252, 88
-193, 267, 81
-194, 282, 88
-194, 290, 84
-194, 296, 80
-198, 304, 80
-184, 316, 84
-198, 330, 86
-171, 333, 101
-183, 335, 105
-178, 334, 116
-171, 343, 129
-175, 343, 121
-162, 352, 136
-163, 343, 131
-159, 343, 141
-150, 346, 142
-148, 340, 152
-136, 346, 150
-106, 360, 182
-96, 362, 184
-106, 352, 172
-113, 355, 171
-104, 352, 176
-114, 358, 178
-104, 354, 176
-116, 352, 168
-112, 358, 182
-108, 344, 172
-104, 358, 176
-114, 348, 178
-110, 354, 182
-106, 350, 174
-103, 347, 173
-110, 346, 172
-113, 347, 179
-108, 354, 172
-109, 351, 173
-109, 355, 175
-108, 354, 180
-101, 347, 191
-109, 357, 177
-106, 350, 180
-111, 359, 183
-105, 353, 177
-108, 350, 176
-103, 353, 179
-115, 353, 171
-105, 355, 163
-108, 358, 178
-110, 354, 178
-110, 356, 176
-110, 358, 170
-106, 356, 178
-114, 358, 178
-99, 353, 172
-103, 357, 169
-109, 355, 175
-106, 350, 168
-109, 350, 174
-103, 353, 177
-106, 354, 174
-102, 360, 174
-107, 353, 183
-103, 357, 173
-100, 358, 170
-111, 355, 175
-106, 360, 174
-100, 354, 174
-108, 352, 176
-105, 359, 181
-107, 351, 179
-110, 352, 178
-109, 361, 177
-115, 355, 177
-112, 366, 170
-102, 360, 172
-107, 353, 182
-111, 349, 167
-106, 348, 178
-104, 358, 176
-113, 355, 175
-102, 360, 172
-105, 355, 179
-108, 358, 176
-109, 355, 173
-109, 349, 177
-107, 355, 175
-112, 354, 172
-113, 347, 175
-110, 348, 180
-107, 357, 181
-106, 354, 178
-111, 359, 179
-106, 348, 178
-110, 354, 168
-113, 351, 175
-107, 353, 177
-112, 354, 184
-111, 349, 175
-109, 351, 177
-114, 354, 178
-106, 358, 172
-105, 359, 167
-106, 356, 176
